timestamp,event,player,color,points,total_p1,total_p2,round
2026-01-15T08:26:30.258886,reset,,,0,0,0,1
2026-01-15T08:26:30.940580,reset,,,0,0,0,1
2026-01-15T08:26:31.153789,reset,,,0,0,0,1
2026-01-15T08:26:31.330151,reset,,,0,0,0,1
2026-01-15T08:26:38.153052,manual_plus,1,,1,1,0,1
2026-01-15T08:26:38.922332,manual_plus,1,,1,2,0,1
2026-01-15T08:26:39.891433,manual_plus,1,,1,3,0,1
2026-01-15T08:26:42.543660,manual_minus,1,,-1,2,0,1
2026-01-15T08:26:44.666968,reset,,,0,0,0,1
2026-01-15T08:26:45.250977,export_snapshot,,,0,0,0,1
2026-01-15T08:26:45.704483,export_snapshot,,,0,0,0,1
2026-01-15T08:26:45.877584,export_snapshot,,,0,0,0,1
2026-01-15T08:26:46.068971,export_snapshot,,,0,0,0,1
2026-01-15T08:29:41.772637,start,,,0,0,0,1
2026-01-15T08:29:45.800133,stop,,,0,0,0,1
2026-01-15T08:29:46.480805,start,,,0,0,0,1
2026-01-15T08:29:47.016354,stop,,,0,0,0,1
2026-01-15T08:29:47.395352,start,,,0,0,0,1
2026-01-15T08:29:48.466751,reset,,,0,0,0,1
2026-01-15T08:29:50.018946,score_board,2,wit,1,0,0,1
2026-01-15T08:29:54.485287,manual_plus,2,,1,0,1,1
2026-01-15T08:29:54.760496,manual_plus,2,,1,0,2,1
2026-01-15T08:29:54.993969,manual_plus,2,,1,0,3,1
2026-01-15T08:30:04.179596,reset,,,0,0,0,1
2026-01-15T08:30:05.601235,export_snapshot,,,0,0,0,1
2026-01-15T08:37:52.430653,manual_plus,1,,1,1,0,1
2026-01-15T08:37:54.733531,start,,,0,1,0,1
2026-01-15T08:37:56.126306,stop,,,0,1,0,1
2026-01-15T08:37:57.124811,start,,,0,1,0,1
2026-01-15T08:37:58.968614,reset,,,0,0,0,1
2026-01-15T08:38:00.837721,export_snapshot,,,0,0,0,1
2026-01-15T08:38:24.353732,score_board,1,rood,1,0,0,1
2026-01-15T08:38:26.575402,score_board,1,rood,1,0,0,1
2026-01-15T08:38:26.679793,score_board,1,rood,1,0,0,1
2026-01-15T08:38:26.728828,score_board,2,wit,1,0,0,1
2026-01-15T08:38:32.173861,score_board,2,wit,1,0,0,1
2026-01-15T08:38:32.228384,score_board,2,wit,1,0,0,1
2026-01-15T08:38:34.324740,score_board,2,wit,1,0,0,1
2026-01-15T08:38:36.638947,score_board,2,wit,1,0,0,1
2026-01-15T08:38:37.137394,score_board,1,blauw,1,0,0,1
2026-01-15T08:38:39.549436,score_board,2,wit,1,0,0,1
2026-01-15T08:38:39.604966,score_board,2,wit,1,0,0,1
2026-01-15T08:38:39.655757,score_hole,2,wit,3,0,0,1
2026-01-15T08:38:41.835743,score_board,1,rood,1,0,0,1
2026-01-15T08:38:44.591730,score_board,1,rood,1,0,0,1
2026-01-15T08:38:44.592168,score_board,2,wit,1,0,0,1
2026-01-15T08:38:47.113763,score_board,2,wit,1,0,0,1
2026-01-15T08:38:47.693832,score_board,2,wit,1,0,0,1
2026-01-15T08:38:47.887514,score_board,1,rood,1,0,0,1
2026-01-15T08:38:47.887895,score_board,1,blauw,1,0,0,1
2026-01-15T08:38:48.133934,score_board,1,blauw,1,0,0,1
2026-01-15T08:38:48.372489,score_board,2,wit,1,0,0,1
2026-01-15T08:38:51.029904,score_board,1,rood,1,0,0,1
2026-01-15T08:38:51.732602,score_board,1,blauw,1,0,0,1
2026-01-15T08:38:51.792630,score_board,1,rood,1,0,0,1
2026-01-15T08:38:51.793029,score_hole,2,wit,3,0,0,1
2026-01-15T08:38:52.554646,score_board,1,blauw,1,0,0,1
2026-01-15T08:38:52.713339,score_board,1,rood,1,0,0,1
2026-01-15T08:38:52.817221,score_hole,1,rood,3,0,0,1
2026-01-15T08:38:53.246897,score_hole,2,wit,3,0,0,1
2026-01-15T08:38:54.247117,score_board,2,wit,1,0,0,1
2026-01-15T08:38:54.506812,score_board,1,blauw,1,0,0,1
2026-01-15T08:38:54.662030,score_board,2,wit,1,0,0,1
2026-01-15T08:38:54.764522,score_board,2,wit,1,0,0,1
2026-01-15T08:38:54.866519,score_board,2,wit,1,0,0,1
2026-01-15T08:38:55.118190,score_board,1,blauw,1,0,0,1
2026-01-15T08:38:55.417791,score_board,2,wit,1,0,0,1
2026-01-15T08:38:55.467103,score_board,1,rood,1,0,0,1
2026-01-15T08:38:55.666766,score_board,1,blauw,1,0,0,1
2026-01-15T08:38:55.867955,score_board,1,blauw,1,0,0,1
2026-01-15T08:38:56.072191,score_hole,1,blauw,3,0,0,1
2026-01-15T08:38:56.223876,score_board,2,wit,1,0,0,1
2026-01-15T08:38:56.844407,score_board,2,wit,1,0,0,1
2026-01-15T08:41:28.712758,start,,,0,0,0,1
2026-01-15T08:41:28.750120,score_board,1,geel,1,0,0,1
2026-01-15T08:41:28.750703,score_board,1,geel,1,0,0,1
2026-01-15T08:41:28.751103,score_board,1,geel,1,0,0,1
2026-01-15T08:41:28.751480,score_hole,1,geel,3,0,0,1
2026-01-15T08:41:28.812759,score_board,1,geel,1,0,0,1
2026-01-15T08:41:28.813566,score_board,1,geel,1,0,0,1
2026-01-15T08:41:28.874595,score_board,1,geel,1,0,0,1
2026-01-15T08:41:28.929854,score_board,1,geel,1,0,0,1
2026-01-15T08:41:29.093846,score_board,1,geel,1,0,0,1
2026-01-15T08:41:29.094211,score_board,1,geel,1,0,0,1
2026-01-15T08:41:29.094438,score_board,1,geel,1,0,0,1
2026-01-15T08:41:29.325513,score_board,1,geel,1,0,0,1
2026-01-15T08:41:29.384430,score_board,1,geel,1,0,0,1
2026-01-15T08:41:29.576973,score_board,1,geel,1,0,0,1
2026-01-15T08:41:29.791799,stop,,,0,0,0,1
2026-01-15T08:41:31.883759,start,,,0,0,0,1
2026-01-15T08:41:32.103761,score_board,1,geel,1,0,0,1
2026-01-15T08:41:32.445098,score_hole,1,geel,3,0,0,1
2026-01-15T08:41:32.644709,score_board,1,geel,1,0,0,1
2026-01-15T08:41:32.799250,score_board,1,geel,1,0,0,1
2026-01-15T08:41:32.897691,score_board,1,geel,1,0,0,1
2026-01-15T08:41:32.947537,score_board,1,geel,1,0,0,1
2026-01-15T08:41:33.732015,score_board,1,geel,1,0,0,1
2026-01-15T08:41:34.344859,score_board,1,geel,1,0,0,1
2026-01-15T08:41:34.910526,score_board,1,geel,1,0,0,1
2026-01-15T08:41:37.163844,score_board,1,geel,1,0,0,1
2026-01-15T08:41:37.329478,score_board,1,geel,1,0,0,1
2026-01-15T08:41:37.494383,score_board,1,geel,1,0,0,1
2026-01-15T08:41:37.494901,score_board,1,geel,1,0,0,1
2026-01-15T08:41:37.495140,score_board,1,geel,1,0,0,1
2026-01-15T08:41:37.881539,score_hole,1,wit,3,0,0,1
2026-01-15T08:41:38.000711,score_board,1,wit,1,0,0,1
2026-01-15T08:41:38.065319,score_hole,1,wit,3,0,0,1
2026-01-15T08:41:47.370642,score_hole,2,roze,3,0,0,1
2026-01-15T08:41:47.494976,score_board,2,roze,1,0,0,1
2026-01-15T08:41:48.766528,score_hole,2,roze,3,0,0,1
2026-01-15T08:41:48.766914,score_board,2,roze,1,0,0,1
2026-01-15T08:41:48.874901,score_board,2,roze,1,0,0,1
2026-01-15T08:41:49.428632,score_board,2,rood,1,0,0,1
2026-01-15T08:41:51.247008,score_board,2,rood,1,0,0,1
2026-01-15T08:41:51.715586,score_hole,2,rood,3,0,0,1
2026-01-15T08:41:52.349105,score_board,2,rood,1,0,0,1
2026-01-15T08:41:52.810551,score_board,2,rood,1,0,0,1
2026-01-15T08:41:52.810983,score_board,2,roze,1,0,0,1
2026-01-15T08:41:53.472932,score_board,2,roze,1,0,0,1
2026-01-15T08:41:54.024304,score_board,2,roze,1,0,0,1
2026-01-15T08:41:54.319299,score_board,2,roze,1,0,0,1
2026-01-15T08:41:58.749003,score_board,2,roze,1,0,0,1
2026-01-15T08:41:59.482212,score_board,2,roze,1,0,0,1
2026-01-15T08:41:59.930963,score_board,2,roze,1,0,0,1
2026-01-15T08:42:02.386236,score_board,2,rood,1,0,0,1
2026-01-15T08:42:03.129135,score_board,2,roze,1,0,0,1
2026-01-15T08:42:03.992757,score_board,2,roze,1,0,0,1
2026-01-15T08:42:04.043972,score_hole,2,roze,3,0,0,1
2026-01-15T08:42:06.130426,score_board,2,roze,1,0,0,1
2026-01-15T08:42:34.101190,score_board,1,geel,1,0,0,1
2026-01-15T08:42:34.101596,score_hole,1,geel,3,0,0,1
2026-01-15T08:42:34.591827,score_board,1,geel,1,0,0,1
2026-01-15T08:42:34.713605,score_board,1,geel,1,0,0,1
2026-01-15T08:42:34.776627,score_board,1,geel,1,0,0,1
2026-01-15T08:42:34.947352,score_board,1,geel,1,0,0,1
2026-01-15T08:42:35.072081,score_board,1,geel,1,0,0,1
2026-01-15T08:42:35.072450,score_board,1,geel,1,0,0,1
2026-01-15T08:42:35.073066,score_board,1,geel,1,0,0,1
2026-01-15T08:42:35.199671,score_board,1,geel,1,0,0,1
2026-01-15T08:42:35.327516,score_hole,1,geel,3,0,0,1
2026-01-15T08:42:35.455683,score_board,1,geel,1,0,0,1
2026-01-15T08:42:35.520676,score_board,1,geel,1,0,0,1
2026-01-15T08:42:35.582430,score_board,1,geel,1,0,0,1
2026-01-15T08:42:35.582882,score_board,1,geel,1,0,0,1
2026-01-15T08:42:35.640721,score_board,1,geel,1,0,0,1
2026-01-15T08:42:35.694532,score_board,1,geel,1,0,0,1
2026-01-15T08:42:36.014087,score_board,1,geel,1,0,0,1
2026-01-15T08:42:36.088635,score_board,1,geel,1,0,0,1
2026-01-15T08:42:36.146867,score_board,1,geel,1,0,0,1
2026-01-15T08:42:36.208062,score_board,1,geel,1,0,0,1
2026-01-15T08:42:36.604468,score_board,1,geel,1,0,0,1
2026-01-15T08:42:37.038314,score_board,1,geel,1,0,0,1
2026-01-15T08:42:37.168047,score_board,1,geel,1,0,0,1
2026-01-15T08:42:37.168494,score_board,1,geel,1,0,0,1
2026-01-15T08:42:37.169283,score_hole,1,geel,3,0,0,1
2026-01-15T08:42:37.607711,score_board,1,geel,1,0,0,1
2026-01-15T08:42:37.608303,score_hole,1,geel,3,0,0,1
2026-01-15T08:42:38.264457,score_board,1,geel,1,0,0,1
2026-01-15T08:42:38.633439,score_board,1,geel,1,0,0,1
2026-01-15T08:42:38.633938,score_board,1,geel,1,0,0,1
2026-01-15T08:42:38.693551,score_board,1,geel,1,0,0,1
2026-01-15T08:42:39.065186,score_board,1,geel,1,0,0,1
2026-01-15T08:42:39.755710,score_board,1,geel,1,0,0,1
2026-01-15T08:42:40.251873,score_board,1,geel,1,0,0,1
2026-01-15T08:42:41.940555,score_board,1,geel,1,0,0,1
2026-01-15T08:42:42.010619,score_board,1,geel,1,0,0,1
2026-01-15T08:42:42.290040,score_board,1,geel,1,0,0,1
2026-01-15T08:42:42.418638,score_board,1,geel,1,0,0,1
2026-01-15T08:42:42.842671,score_board,1,geel,1,0,0,1
2026-01-15T08:42:45.858213,score_board,1,geel,1,0,0,1
2026-01-15T08:42:46.306045,score_hole,1,geel,3,0,0,1
2026-01-15T08:42:46.541363,score_board,1,geel,1,0,0,1
2026-01-15T08:42:46.910983,stop,,,0,0,0,1
2026-01-15T08:44:36.127735,web_start,,,0,0,0,1
2026-01-15T08:44:42.019263,manual_minus,1,,-1,0,0,1
2026-01-15T08:44:43.311502,manual_plus,2,,1,0,1,1
2026-01-15T08:44:44.287848,manual_plus,2,,1,0,2,1
2026-01-15T08:44:44.550368,manual_plus,2,,1,0,3,1
2026-01-15T08:44:44.806621,manual_plus,2,,1,0,4,1
2026-01-15T08:44:44.809326,manual_plus,2,,1,0,5,1
2026-01-15T08:44:45.068332,manual_plus,2,,1,0,6,1
2026-01-15T08:45:49.226706,manual_plus,1,,1,1,0,1
2026-01-15T08:45:53.423745,manual_plus,1,,1,2,0,1
2026-01-15T08:45:54.058835,manual_plus,1,,1,3,0,1
2026-01-15T08:45:54.392847,manual_plus,1,,1,4,0,1
2026-01-15T08:45:54.609170,manual_plus,1,,1,5,0,1
2026-01-15T08:45:54.777173,manual_plus,1,,1,6,0,1
2026-01-15T08:45:54.988575,manual_plus,1,,1,7,0,1
2026-01-15T08:45:55.158156,manual_plus,1,,1,8,0,1
2026-01-15T08:49:26.458866,web_start,,,0,0,0,1
2026-01-15T08:49:31.182100,web_stop,,,0,0,0,1
2026-01-15T08:49:37.976092,start,,,0,0,0,1
2026-01-15T08:49:38.124316,score_board,2,wit,1,0,0,1
2026-01-15T08:49:41.996692,score_board,1,rood,1,0,0,1
2026-01-15T08:49:42.412050,score_board,1,rood,1,0,0,1
2026-01-15T08:49:42.618540,score_board,1,rood,1,0,0,1
2026-01-15T08:49:42.619605,score_board,1,rood,1,0,0,1
2026-01-15T08:49:43.035107,score_board,1,rood,1,0,0,1
2026-01-15T08:49:43.035478,score_board,1,rood,1,0,0,1
2026-01-15T08:49:43.238341,score_board,1,rood,1,0,0,1
2026-01-15T08:49:43.653144,score_board,1,rood,1,0,0,1
2026-01-15T08:49:43.653525,score_board,1,rood,1,0,0,1
2026-01-15T08:49:44.663279,score_board,1,rood,1,0,0,1
2026-01-15T08:49:45.336458,score_board,1,rood,1,0,0,1
2026-01-15T08:49:45.336966,score_hole,1,rood,3,0,0,1
2026-01-15T08:49:45.337284,score_hole,1,rood,3,0,0,1
2026-01-15T08:49:45.577419,score_board,1,rood,1,0,0,1
2026-01-15T08:49:48.700762,score_board,2,wit,1,0,0,1
2026-01-15T08:49:58.066627,score_board,2,wit,1,0,0,1
2026-01-15T08:49:59.226398,score_board,2,wit,1,0,0,1
2026-01-15T08:49:59.432570,score_board,2,wit,1,0,0,1
2026-01-15T08:50:00.237110,score_board,2,wit,1,0,0,1
2026-01-15T08:50:00.655002,score_board,2,wit,1,0,0,1
2026-01-15T08:50:01.279663,score_board,1,rood,1,0,0,1
2026-01-15T08:50:01.280263,score_board,2,wit,1,0,0,1
2026-01-15T08:50:01.706498,score_board,2,wit,1,0,0,1
2026-01-15T08:50:01.925873,score_hole,2,wit,3,0,0,1
2026-01-15T08:50:02.140184,score_hole,2,wit,3,0,0,1
2026-01-15T08:50:02.354906,score_board,2,wit,1,0,0,1
2026-01-15T08:50:04.564023,score_board,1,rood,1,0,0,1
2026-01-15T08:50:04.783591,score_board,2,wit,1,0,0,1
2026-01-15T08:50:04.999628,score_board,1,rood,1,0,0,1
2026-01-15T09:10:38.858526,reset,,,0,0,0,1
2026-01-15T09:10:39.978284,start,,,0,0,0,1
2026-01-15T09:10:40.514377,stop,,,0,0,0,1
2026-01-15T09:10:41.705389,manual_minus,1,,-1,0,0,1
2026-01-15T09:10:43.703833,manual_plus,1,,1,1,0,1
2026-01-15T09:11:59.703527,start,,,0,1,0,1
2026-01-15T09:12:00.739409,score_board,2,rood,1,1,0,1
2026-01-15T09:12:01.537322,score_hole,1,wit,3,1,0,1
2026-01-15T09:12:01.685215,score_board,1,wit,1,1,0,1
2026-01-15T09:12:02.581956,score_board,2,rood,1,1,0,1
2026-01-15T09:12:02.838314,score_board,1,wit,1,1,0,1
2026-01-15T09:12:03.386272,score_board,1,wit,1,1,0,1
2026-01-15T09:12:11.220360,score_board,1,wit,1,1,0,1
2026-01-15T09:12:13.665376,score_board,1,wit,1,1,0,1
2026-01-15T09:12:20.331595,score_board,1,wit,1,1,0,1
2026-01-15T09:12:20.622944,score_board,1,wit,1,1,0,1
2026-01-15T09:12:21.111863,score_board,1,wit,1,1,0,1
2026-01-15T09:12:24.199125,score_board,1,wit,1,1,0,1
2026-01-15T09:12:24.443588,score_board,1,wit,1,1,0,1
2026-01-15T09:12:24.890471,score_hole,1,wit,3,1,0,1
2026-01-15T09:15:04.692860,reset,,,0,0,0,1
2026-01-15T09:15:05.488575,export_snapshot,,,0,0,0,1
2026-01-15T09:15:06.581492,web_toggle_on,,,0,0,0,1
2026-01-15T09:15:10.681054,manual_plus,1,,1,1,0,1
2026-01-15T09:15:14.637758,manual_plus,1,,1,2,0,1
2026-01-15T09:15:16.795880,manual_minus,1,,-1,1,0,1
2026-01-15T09:15:17.894566,manual_plus,2,,1,1,1,1
2026-01-15T09:15:18.580701,manual_plus,2,,1,1,2,1
2026-01-15T09:15:19.522356,manual_plus,2,,1,1,3,1
2026-01-15T09:15:46.745118,web_toggle_off,,,0,1,3,1
2026-01-15T09:17:11.556795,start,,,0,0,0,1
2026-01-15T09:17:16.475143,score_board,1,blauw,1,0,0,1
2026-01-15T09:17:16.475675,score_board,1,blauw,1,0,0,1
2026-01-15T09:17:23.276312,web_toggle_on,,,0,0,0,1
2026-01-15T09:18:26.661661,score_board,2,roze,1,0,0,1
2026-01-15T09:18:27.260855,score_board,2,roze,1,0,0,1
2026-01-15T09:18:27.499667,score_hole,2,roze,3,0,0,1
2026-01-15T09:18:27.620444,score_board,2,roze,1,0,0,1
2026-01-15T09:18:28.442935,score_board,1,blauw,1,0,0,1
2026-01-15T09:18:28.588323,score_board,1,blauw,1,0,0,1
2026-01-15T09:18:28.589371,score_board,1,blauw,1,0,0,1
2026-01-15T09:18:28.589814,score_board,1,blauw,1,0,0,1
2026-01-15T09:18:28.590103,score_board,1,blauw,1,0,0,1
2026-01-15T09:18:29.070732,score_board,2,rood,1,0,0,1
2026-01-15T09:18:30.392899,score_board,1,blauw,1,0,0,1
2026-01-15T09:18:30.393573,score_board,1,blauw,1,0,0,1
2026-01-15T09:18:30.393827,score_hole,1,blauw,3,0,0,1
2026-01-15T09:18:30.538275,score_board,1,blauw,1,0,0,1
2026-01-15T09:18:30.538711,score_board,1,blauw,1,0,0,1
2026-01-15T09:18:42.431588,end_round,,,0,7,0,2
2026-01-15T09:18:43.364302,end_round,,,0,7,0,3
2026-01-15T09:18:43.633714,end_round,,,0,7,0,4
2026-01-15T09:18:43.770393,end_round,,,0,7,0,5
2026-01-15T09:18:43.904309,end_round,,,0,7,0,6
2026-01-15T09:18:44.172372,end_round,,,0,7,0,7
2026-01-15T09:18:44.303121,end_round,,,0,7,0,8
2026-01-15T09:18:44.441376,end_round,,,0,7,0,9
2026-01-15T09:19:01.538108,score_board,2,roze,1,7,0,9
2026-01-15T09:19:01.538516,score_board,2,roze,1,7,0,9
2026-01-15T09:19:01.538796,score_board,2,roze,1,7,0,9
2026-01-15T09:19:01.833946,score_board,2,roze,1,7,0,9
2026-01-15T09:19:47.640807,reset,,,0,0,0,1
2026-01-15T09:19:54.656221,score_board,2,roze,1,0,0,1
2026-01-15T09:19:57.976598,score_board,1,blauw,1,0,0,1
2026-01-15T09:19:59.350450,score_hole,1,blauw,3,0,0,1
2026-01-15T09:22:40.593628,score_board,1,blauw,1,0,0,1
2026-01-15T09:22:40.907148,score_hole,2,roze,3,0,0,1
2026-01-15T09:22:41.239721,score_hole,2,roze,3,0,0,1
2026-01-15T09:22:43.850597,score_board,1,wit,1,0,0,1
2026-01-15T09:22:44.178131,score_board,2,rood,1,0,0,1
2026-01-15T09:22:44.340078,score_board,2,rood,1,0,0,1
2026-01-15T09:22:44.504628,score_board,2,rood,1,0,0,1
2026-01-15T09:22:44.505610,score_board,2,roze,1,0,0,1
2026-01-15T09:22:45.171185,score_board,2,roze,1,0,0,1
2026-01-15T09:22:45.714801,score_board,1,blauw,1,0,0,1
2026-01-15T09:22:45.715712,score_hole,1,blauw,3,0,0,1
2026-01-15T09:22:45.716820,score_board,1,blauw,1,0,0,1
2026-01-15T09:22:47.001190,score_board,2,roze,1,0,0,1
2026-01-15T09:22:47.002524,score_board,2,roze,1,0,0,1
2026-01-15T09:22:47.169053,score_board,1,wit,1,0,0,1
2026-01-15T09:22:47.169417,score_board,2,roze,1,0,0,1
2026-01-15T09:22:47.678871,score_board,2,roze,1,0,0,1
2026-01-15T09:22:47.679247,score_board,2,roze,1,0,0,1
2026-01-15T09:22:47.849748,score_board,1,wit,1,0,0,1
2026-01-15T09:22:48.199900,score_board,1,blauw,1,0,0,1
2026-01-15T09:22:48.200262,score_hole,1,blauw,3,0,0,1
2026-01-15T09:22:48.200968,score_board,1,wit,1,0,0,1
2026-01-15T09:22:48.371447,score_board,1,wit,1,0,0,1
2026-01-15T09:22:49.311682,score_board,1,wit,1,0,0,1
2026-01-15T09:22:49.883818,score_hole,1,blauw,3,0,0,1
2026-01-15T09:22:49.885296,score_board,1,blauw,1,0,0,1
2026-01-15T09:22:49.890900,score_board,1,wit,1,0,0,1
2026-01-15T09:22:50.272908,score_board,2,rood,1,0,0,1
2026-01-15T09:22:51.238220,score_board,2,roze,1,0,0,1
2026-01-15T09:22:51.588399,score_board,1,blauw,1,0,0,1
2026-01-15T09:22:51.588817,score_board,1,wit,1,0,0,1
2026-01-15T09:22:52.234009,score_board,1,blauw,1,0,0,1
2026-01-15T09:22:52.235144,score_board,1,wit,1,0,0,1
2026-01-15T09:22:53.074166,score_board,1,wit,1,0,0,1
2026-01-15T09:22:53.444781,score_board,1,wit,1,0,0,1
2026-01-15T09:22:53.614265,score_board,1,blauw,1,0,0,1
2026-01-15T09:22:53.969535,score_board,1,blauw,1,0,0,1
2026-01-15T09:22:53.970510,score_board,2,roze,1,0,0,1
2026-01-15T09:22:54.936463,score_hole,2,rood,3,0,0,1
2026-01-15T09:23:51.346198,score_board,1,blauw,1,0,0,1
2026-01-15T09:23:51.503980,score_board,1,blauw,1,0,0,1
2026-01-15T09:23:51.504947,score_board,1,blauw,1,0,0,1
2026-01-15T09:23:55.069799,score_board,2,roze,1,0,0,1
2026-01-15T09:23:55.070189,score_hole,2,roze,3,0,0,1
2026-01-15T09:23:55.234263,score_board,2,rood,1,0,0,1
2026-01-15T09:23:56.252564,score_board,1,blauw,1,0,0,1
2026-01-15T09:23:56.255120,score_board,1,blauw,1,0,0,1
2026-01-15T09:23:56.256014,score_board,1,blauw,1,0,0,1
2026-01-15T09:23:56.457550,score_board,1,blauw,1,0,0,1
2026-01-15T09:23:56.458034,score_hole,1,blauw,3,0,0,1
2026-01-15T09:23:56.458281,score_hole,1,blauw,3,0,0,1
2026-01-15T09:23:56.816558,score_board,1,blauw,1,0,0,1
2026-01-15T09:23:58.470392,score_board,2,roze,1,0,0,1
2026-01-15T09:23:58.470799,score_board,2,roze,1,0,0,1
2026-01-15T09:23:58.634578,score_hole,2,roze,3,0,0,1
2026-01-15T09:28:04.190503,score_board,1,blauw,1,0,0,1
2026-01-15T09:28:04.190924,score_board,1,blauw,1,0,0,1
2026-01-15T09:28:04.191811,score_board,1,blauw,1,0,0,1
2026-01-15T09:28:04.366560,score_hole,1,wit,3,0,0,1
2026-01-15T09:28:04.567787,score_board,1,blauw,1,0,0,1
2026-01-15T09:28:04.568773,score_board,2,roze,1,0,0,1
2026-01-15T09:28:04.758108,score_board,1,blauw,1,0,0,1
2026-01-15T09:28:04.758710,score_board,1,blauw,1,0,0,1
2026-01-15T09:28:04.907018,score_hole,2,rood,3,0,0,1
2026-01-15T09:28:04.907837,score_board,2,roze,1,0,0,1
2026-01-15T09:28:05.215609,score_board,1,blauw,1,0,0,1
2026-01-15T09:28:06.233108,score_board,1,blauw,1,0,0,1
2026-01-15T09:28:07.437558,score_board,1,blauw,1,0,0,1
2026-01-15T09:28:11.491457,score_board,1,blauw,1,0,0,1
2026-01-15T09:28:11.963439,score_board,2,roze,1,0,0,1
2026-01-15T09:28:12.277670,score_board,1,blauw,1,0,0,1
2026-01-15T09:28:12.285653,score_board,1,blauw,1,0,0,1
2026-01-15T09:28:12.685810,score_board,2,rood,1,0,0,1
2026-01-15T09:28:12.687992,score_board,2,roze,1,0,0,1
2026-01-15T09:28:16.777541,score_board,1,blauw,1,0,0,1
2026-01-15T09:28:16.778237,score_hole,2,roze,3,0,0,1
2026-01-15T09:28:17.468443,score_board,1,blauw,1,0,0,1
2026-01-15T09:28:17.887256,score_board,2,rood,1,0,0,1
2026-01-15T09:28:18.206468,score_board,1,blauw,1,0,0,1
2026-01-15T09:28:21.328407,score_board,1,blauw,1,0,0,1
2026-01-15T09:28:21.729597,score_board,1,blauw,1,0,0,1
2026-01-15T09:28:21.955429,score_board,1,blauw,1,0,0,1
2026-01-15T09:28:21.957033,score_board,2,roze,1,0,0,1
2026-01-15T09:28:22.178577,score_board,1,blauw,1,0,0,1
2026-01-15T09:28:22.401198,score_board,1,blauw,1,0,0,1
2026-01-15T09:28:22.713351,score_board,1,blauw,1,0,0,1
2026-01-15T09:28:22.875952,score_board,2,roze,1,0,0,1
2026-01-15T09:28:26.190049,score_board,1,blauw,1,0,0,1
2026-01-15T09:28:35.351063,score_board,1,blauw,1,0,0,1
2026-01-15T09:28:36.568970,score_board,1,blauw,1,0,0,1
2026-01-15T09:28:37.528642,score_board,1,blauw,1,0,0,1
2026-01-15T09:28:37.529028,score_board,1,blauw,1,0,0,1
2026-01-15T09:28:41.936867,score_board,1,blauw,1,0,0,1
2026-01-15T09:28:43.576967,score_board,1,blauw,1,0,0,1
2026-01-15T09:28:45.979833,score_board,1,blauw,1,0,0,1
2026-01-15T09:28:45.980241,score_board,1,blauw,1,0,0,1
2026-01-15T09:28:45.980393,score_board,1,blauw,1,0,0,1
2026-01-15T09:28:45.980550,score_board,2,rood,1,0,0,1
2026-01-15T09:28:46.128316,score_board,2,roze,1,0,0,1
2026-01-15T09:28:46.420361,score_board,1,blauw,1,0,0,1
2026-01-15T09:28:48.507498,score_hole,1,blauw,3,0,0,1
2026-01-15T09:28:49.343175,score_board,2,roze,1,0,0,1
2026-01-15T09:28:50.050431,score_board,1,blauw,1,0,0,1
2026-01-15T09:28:50.884195,score_board,1,blauw,1,0,0,1
2026-01-15T09:28:50.884797,score_board,1,blauw,1,0,0,1
2026-01-15T09:28:53.542704,score_board,1,blauw,1,0,0,1
2026-01-15T09:28:55.693854,score_board,1,blauw,1,0,0,1
2026-01-15T09:29:00.619559,score_board,1,blauw,1,0,0,1
2026-01-15T09:29:00.620023,score_board,1,blauw,1,0,0,1
2026-01-15T09:29:00.620203,score_board,1,blauw,1,0,0,1
2026-01-15T09:29:00.620348,score_board,1,blauw,1,0,0,1
2026-01-15T09:29:03.072046,score_board,1,blauw,1,0,0,1
2026-01-15T09:29:05.208405,score_board,1,blauw,1,0,0,1
2026-01-15T09:29:05.505379,score_board,1,blauw,1,0,0,1
2026-01-15T09:29:07.859535,score_board,2,rood,1,0,0,1
2026-01-15T09:29:09.880681,score_board,2,roze,1,0,0,1
2026-01-15T09:29:10.031452,score_hole,2,rood,3,0,0,1
2026-01-15T09:29:10.199865,score_board,2,rood,1,0,0,1
2026-01-15T09:29:10.370070,score_board,2,rood,1,0,0,1
2026-01-15T09:29:11.008600,score_board,2,roze,1,0,0,1
2026-01-15T09:29:11.661336,score_board,1,blauw,1,0,0,1
2026-01-15T09:29:11.661711,score_hole,1,blauw,3,0,0,1
2026-01-15T09:29:11.828440,score_board,1,blauw,1,0,0,1
2026-01-15T09:29:11.828795,score_board,1,blauw,1,0,0,1
2026-01-15T09:29:11.829750,score_board,1,blauw,1,0,0,1
2026-01-15T09:29:11.999031,score_board,1,blauw,1,0,0,1
2026-01-15T09:29:12.164930,score_board,2,rood,1,0,0,1
2026-01-15T09:29:12.165897,score_board,2,rood,1,0,0,1
2026-01-15T09:29:12.166528,score_board,2,roze,1,0,0,1
2026-01-15T09:29:12.322401,score_board,2,rood,1,0,0,1
2026-01-15T09:29:12.475541,score_board,2,roze,1,0,0,1
2026-01-15T09:29:12.631437,score_board,2,roze,1,0,0,1
2026-01-15T09:29:12.788552,score_hole,2,roze,3,0,0,1
2026-01-15T09:29:12.940146,score_hole,2,rood,3,0,0,1
2026-01-15T09:29:13.094268,score_board,1,blauw,1,0,0,1
2026-01-15T09:29:13.394016,score_board,1,blauw,1,0,0,1
2026-01-15T09:29:13.394776,score_hole,2,roze,3,0,0,1
2026-01-15T09:29:13.395088,score_board,2,roze,1,0,0,1
2026-01-15T09:29:13.995496,score_board,2,roze,1,0,0,1
2026-01-15T09:29:14.151448,score_board,2,rood,1,0,0,1
2026-01-15T09:29:14.601762,score_board,2,rood,1,0,0,1
2026-01-15T09:29:14.903837,score_hole,1,blauw,3,0,0,1
2026-01-15T09:29:14.904394,score_board,1,blauw,1,0,0,1
2026-01-15T09:29:15.060929,score_board,1,blauw,1,0,0,1
2026-01-15T09:29:15.214004,score_board,2,rood,1,0,0,1
2026-01-15T09:29:15.214760,score_hole,2,roze,3,0,0,1
2026-01-15T09:29:15.366199,score_board,2,roze,1,0,0,1
2026-01-15T09:29:15.679047,score_board,1,blauw,1,0,0,1
2026-01-15T09:29:15.679596,score_board,2,rood,1,0,0,1
2026-01-15T09:29:45.115539,score_board,1,blauw,1,0,0,1
2026-01-15T09:29:46.561818,score_board,1,blauw,1,0,0,1
2026-01-15T09:29:46.562222,score_board,1,blauw,1,0,0,1
2026-01-15T09:29:46.562755,score_board,1,blauw,1,0,0,1
2026-01-15T09:29:46.563340,score_hole,1,blauw,3,0,0,1
2026-01-15T09:29:46.563886,score_board,1,blauw,1,0,0,1
2026-01-15T09:29:46.564323,score_hole,1,blauw,3,0,0,1
2026-01-15T09:29:46.722044,score_board,1,blauw,1,0,0,1
2026-01-15T09:29:47.834811,score_board,1,wit,1,0,0,1
2026-01-15T09:29:47.835487,score_board,2,roze,1,0,0,1
2026-01-15T09:29:47.988667,score_hole,2,rood,3,0,0,1
2026-01-15T09:29:48.476980,score_board,1,wit,1,0,0,1
2026-01-15T09:29:48.477400,score_board,2,roze,1,0,0,1
2026-01-15T09:29:48.642867,score_board,1,blauw,1,0,0,1
2026-01-15T09:29:48.980800,score_hole,1,wit,3,0,0,1
2026-01-15T09:29:49.154452,score_board,1,wit,1,0,0,1
2026-01-15T09:29:53.020264,manual_plus,1,,1,1,0,1
2026-01-15T09:29:53.380279,manual_plus,1,,1,2,0,1
2026-01-15T09:29:53.820312,manual_plus,1,,1,3,0,1
2026-01-15T09:29:54.105264,manual_plus,1,,1,4,0,1
2026-01-15T09:29:55.814542,reset,,,0,0,0,1
2026-01-15T09:29:57.420552,end_round,,,0,0,0,2
2026-01-15T09:29:57.686101,end_round,,,0,0,0,3
2026-01-15T09:29:59.250529,reset,,,0,0,0,1
2026-01-15T09:29:59.628600,reset,,,0,0,0,1
2026-01-15T10:37:24.374969,start,,,0,0,0,1
2026-01-15T10:37:26.743704,score_board,2,wit,1,0,0,1
2026-01-15T10:37:27.923732,score_board,2,wit,1,0,0,1
2026-01-15T10:37:28.475888,score_board,2,wit,1,0,0,1
2026-01-15T10:37:29.799668,stop,,,0,0,0,1
2026-01-15T11:17:36.620933,manual_plus,1,,1,1,0,1
2026-01-15T11:17:37.551057,manual_plus,1,,1,2,0,1
2026-01-15T11:18:11.547039,reset,,,0,0,0,1
2026-01-15T11:18:11.864169,reset,,,0,0,0,1
2026-01-15T11:18:12.069954,reset,,,0,0,0,1
2026-01-15T11:18:55.565276,web_toggle_on,,,0,0,0,1
2026-01-15T12:30:55.806333,start,,,0,0,0,1
2026-01-15T12:30:57.841908,stop,,,0,0,0,1
2026-01-15T12:32:09.502161,start,,,0,0,0,1
2026-01-15T12:32:09.566368,score_hole,2,rood,3,0,0,1
2026-01-15T12:32:09.706577,score_hole,2,rood,3,0,0,1
2026-01-15T12:32:10.814429,score_board,2,rood,1,0,0,1
2026-01-15T12:32:13.766731,score_board,2,rood,1,0,0,1
2026-01-15T12:32:15.384150,stop,,,0,0,0,1
2026-01-15T12:32:16.076799,reset,,,0,0,0,1
2026-01-15T12:32:17.630125,reset,,,0,0,0,1
2026-01-15T12:32:32.884779,start,,,0,0,0,1
2026-01-15T12:32:43.108632,score_board,1,wit,1,0,0,1
2026-01-15T12:32:52.611264,score_board,2,zwart,1,0,0,1
2026-01-15T12:32:52.901056,score_board,2,zwart,1,0,0,1
2026-01-15T12:32:58.094748,score_board,1,blauw,1,0,0,1
2026-01-15T12:32:58.095084,score_board,1,wit,1,0,0,1
2026-01-15T12:32:59.879283,score_board,1,blauw,1,0,0,1
2026-01-15T12:33:01.499796,score_board,1,wit,1,0,0,1
2026-01-15T12:33:04.097738,score_board,2,rood,1,0,0,1
2026-01-15T12:33:04.826367,score_board,1,wit,1,0,0,1
2026-01-15T12:33:05.586679,score_board,1,wit,1,0,0,1
2026-01-15T12:33:06.499372,score_board,2,rood,1,0,0,1
2026-01-15T12:33:06.651460,score_board,1,blauw,1,0,0,1
2026-01-15T12:33:07.101102,score_board,2,rood,1,0,0,1
2026-01-15T12:33:07.684414,score_board,1,blauw,1,0,0,1
2026-01-15T12:33:07.837498,score_board,1,blauw,1,0,0,1
2026-01-15T12:33:07.984386,score_board,1,blauw,1,0,0,1
2026-01-15T12:33:07.984712,score_board,2,rood,1,0,0,1
2026-01-15T12:33:08.554576,score_board,1,blauw,1,0,0,1
2026-01-15T12:33:08.986555,score_board,2,rood,1,0,0,1
2026-01-15T12:33:10.682891,score_board,1,blauw,1,0,0,1
2026-01-15T12:33:11.887988,score_board,2,rood,1,0,0,1
2026-01-15T12:33:15.117686,score_board,1,wit,1,0,0,1
2026-01-15T12:34:00.613552,score_board,2,rood,1,0,0,1
2026-01-15T12:34:01.040329,score_board,2,rood,1,0,0,1
2026-01-15T12:34:20.586407,score_board,1,blauw,1,0,0,1
2026-01-15T12:34:20.860066,score_board,1,blauw,1,0,0,1
2026-01-15T12:35:31.161627,score_board,1,blauw,1,0,0,1
2026-01-15T12:35:31.590911,score_board,2,rood,1,0,0,1
2026-01-15T12:35:31.591257,score_board,2,rood,1,0,0,1
2026-01-15T12:35:31.745597,score_board,2,rood,1,0,0,1
2026-01-15T12:35:32.199854,score_board,2,rood,1,0,0,1
2026-01-15T12:35:32.942427,score_hole,2,rood,3,0,0,1
2026-01-15T12:35:55.470597,score_board,1,blauw,1,0,0,1
2026-01-15T12:35:56.293018,score_board,1,wit,1,0,0,1
2026-01-15T12:35:56.740352,score_board,1,wit,1,0,0,1
2026-01-15T12:35:56.896232,score_board,1,wit,1,0,0,1
2026-01-15T12:36:03.689996,score_board,2,zwart,1,0,0,1
2026-01-15T12:36:03.690658,score_board,2,zwart,1,0,0,1
2026-01-15T12:36:03.690865,score_board,2,zwart,1,0,0,1
2026-01-15T12:36:03.983629,score_board,1,wit,1,0,0,1
2026-01-15T12:36:05.280804,score_board,1,blauw,1,0,0,1
2026-01-15T12:36:05.771973,score_board,1,wit,1,0,0,1
2026-01-15T12:36:06.552045,score_board,2,rood,1,0,0,1
2026-01-15T12:36:07.056876,score_board,1,wit,1,0,0,1
2026-01-15T12:36:08.017330,score_hole,2,zwart,3,0,0,1
2026-01-15T12:36:08.429578,score_board,1,wit,1,0,0,1
2026-01-15T12:36:11.481478,score_board,1,blauw,1,0,0,1
2026-01-15T12:36:13.048501,score_board,2,zwart,1,0,0,1
2026-01-15T12:36:14.002077,score_board,1,blauw,1,0,0,1
2026-01-15T12:36:14.002622,score_board,1,blauw,1,0,0,1
2026-01-15T12:36:19.115898,score_board,1,blauw,1,0,0,1
2026-01-15T12:36:19.116303,score_board,1,blauw,1,0,0,1
2026-01-15T12:36:21.042866,score_hole,2,rood,3,0,0,1
2026-01-15T12:36:23.446101,score_hole,1,wit,3,0,0,1
2026-01-15T12:36:24.026254,score_board,1,wit,1,0,0,1
2026-01-15T12:36:28.465751,score_board,2,rood,1,0,0,1
2026-01-15T12:43:36.632223,web_toggle_on,,,0,0,0,1
2026-01-15T12:43:43.708538,start,,,0,0,0,1
2026-01-15T12:43:58.831295,score_board,2,roze,1,0,0,1
2026-01-15T12:44:02.965214,score_board,1,geel,1,0,0,1
2026-01-15T12:44:03.518800,score_hole,1,geel,3,0,0,1
2026-01-15T12:44:07.994262,score_board,2,roze,1,0,0,1
2026-01-15T12:44:16.544761,score_board,2,roze,1,0,0,1
2026-01-15T12:44:16.830689,score_board,2,roze,1,0,0,1
2026-01-15T12:44:16.975427,score_board,2,roze,1,0,0,1
2026-01-15T12:44:26.706453,score_board,2,roze,1,0,0,1
2026-01-15T12:45:14.412325,score_board,1,groen,1,0,0,1
2026-01-15T12:45:17.669155,score_hole,1,geel,3,0,0,1
2026-01-15T12:52:12.512926,score_board,1,geel,1,0,0,1
2026-01-15T12:52:13.760541,score_board,1,geel,1,0,0,1
2026-01-15T12:53:12.686659,score_board,2,roze,1,0,0,1
2026-01-15T12:53:30.559037,score_hole,2,roze,3,0,0,1
2026-01-15T13:22:09.405138,reset,,,0,0,0,1
2026-01-15T13:22:09.809477,reset,,,0,0,0,1
2026-01-15T13:22:10.072737,reset,,,0,0,0,1
