timestamp,event,player,color,points,total_score_p1,total_score_p2,round
2026-03-24T07:39:38.899867,start,,,0,0,0,1
2026-03-24T07:39:40.161430,stop,,,0,0,0,1
2026-03-24T07:39:41.926351,start,,,0,0,0,1
2026-03-24T07:39:43.856866,manual_plus,1,,1,1,0,1
2026-03-24T07:39:55.507358,manual_plus,2,,1,1,1,1
2026-03-24T07:39:56.864225,manual_plus,2,,1,1,2,1
2026-03-24T07:39:57.698073,manual_plus,2,,1,1,3,1
2026-03-24T07:43:05.610323,reset,,,0,0,0,1
2026-03-24T07:43:08.519542,reset,,,0,0,0,1
2026-03-24T07:43:17.105571,reset,,,0,0,0,1
2026-03-24T07:43:17.326659,reset,,,0,0,0,1
2026-03-24T07:43:18.523486,export_snapshot,,,0,0,0,1
2026-03-24T07:50:06.684170,manual_plus,1,,1,1,0,1
2026-03-24T07:50:07.057910,manual_plus,1,,1,2,0,1
2026-03-24T07:50:08.996227,manual_plus,1,,1,3,0,1
2026-03-24T07:50:09.999394,manual_plus,1,,1,4,0,1
2026-03-24T07:50:10.932931,manual_plus,1,,1,5,0,1
2026-03-24T07:50:12.056556,manual_plus,2,,1,5,1,1
2026-03-24T07:50:12.791528,manual_plus,2,,1,5,2,1
2026-03-24T07:50:13.685024,manual_plus,2,,1,5,3,1
2026-03-24T07:50:14.723278,manual_plus,2,,1,5,4,1
2026-03-24T07:50:15.705419,manual_plus,2,,1,5,5,1
2026-03-24T07:50:16.523044,manual_plus,2,,1,5,6,1
2026-03-24T07:50:17.167971,manual_plus,2,,1,5,7,1
2026-03-24T07:50:17.812945,manual_plus,2,,1,5,8,1
2026-03-24T07:50:19.626037,round_end,,,0,5,8,2
2026-03-24T07:50:21.459478,round_end,,,0,5,8,3
2026-03-24T07:50:24.833150,manual_plus,1,,1,6,8,3
2026-03-24T07:50:27.013648,manual_plus,2,,1,6,9,3
2026-03-24T07:50:27.220224,manual_plus,2,,1,6,10,3
2026-03-24T07:50:27.590912,manual_plus,2,,1,6,11,3
2026-03-24T07:50:27.965735,manual_plus,2,,1,6,12,3
2026-03-24T07:50:28.331172,manual_plus,2,,1,6,13,3
2026-03-24T07:50:30.979521,round_end,,,0,6,13,4
2026-03-24T07:54:55.699517,manual_plus,1,,1,1,0,1
2026-03-24T07:55:21.583245,start,,,0,1,0,1
2026-03-24T07:55:26.127169,reset,,,0,0,0,1
2026-03-24T08:01:01.366799,start,,,0,0,0,1
2026-03-24T08:02:09.061991,manual_plus,1,,1,1,0,1
2026-03-24T08:02:10.374786,manual_plus,1,,1,2,0,1
2026-03-24T08:02:23.031716,manual_plus,2,,1,2,1,1
2026-03-24T08:02:24.890015,round_end,,,0,2,1,2
2026-03-24T08:04:49.000704,manual_plus,1,,1,3,1,2
2026-03-24T08:04:49.345676,manual_plus,1,,1,4,1,2
2026-03-24T08:04:49.742565,manual_plus,1,,1,5,1,2
2026-03-24T08:04:53.139528,manual_plus,2,,1,5,2,2
2026-03-24T08:04:54.924501,round_end,,,0,5,2,3
2026-03-24T08:04:57.673290,round_end,,,0,5,2,4
2026-03-24T08:04:58.266153,round_end,,,0,5,2,5
2026-03-24T08:04:58.892977,round_end,,,0,5,2,6
2026-03-24T08:04:59.018352,round_end,,,0,5,2,7
2026-03-24T08:04:59.139392,round_end,,,0,5,2,8
2026-03-24T08:04:59.260324,round_end,,,0,5,2,9
2026-03-24T08:04:59.386560,round_end,,,0,5,2,10
2026-03-24T08:04:59.510683,round_end,,,0,5,2,11
2026-03-24T08:04:59.630653,round_end,,,0,5,2,12
2026-03-24T08:45:03.241503,start,,,0,0,0,1
2026-03-24T08:45:16.641287,manual_plus,1,,1,1,0,1
2026-03-24T08:45:16.907040,manual_plus,1,,1,2,0,1
2026-03-24T08:45:17.276438,manual_plus,1,,1,3,0,1
2026-03-24T08:45:18.825970,manual_plus,2,,1,3,1,1
2026-03-24T08:45:22.276218,round_end,,,0,3,1,2
2026-03-24T08:45:28.502419,round_end,,,0,3,1,3
2026-03-24T08:45:35.374180,manual_plus,1,,1,4,1,3
2026-03-24T08:45:35.634501,manual_plus,1,,1,5,1,3
2026-03-24T08:45:38.060207,manual_plus,2,,1,5,2,3
2026-03-24T08:45:38.319855,manual_plus,2,,1,5,3,3
2026-03-24T08:45:39.963247,round_end,,,0,5,3,4
2026-03-24T08:45:41.062763,round_end,,,0,5,3,5
2026-03-24T08:45:41.179258,round_end,,,0,5,3,6
2026-03-24T08:45:41.427701,round_end,,,0,5,3,7
2026-03-24T08:45:41.539517,round_end,,,0,5,3,8
2026-03-24T08:45:41.668117,round_end,,,0,5,3,9
2026-03-24T08:46:30.261448,reset,,,0,0,0,1
2026-03-24T08:59:42.369467,manual_plus,1,,1,1,0,1
2026-03-24T08:59:42.930931,manual_plus,1,,1,2,0,1
2026-03-24T08:59:43.442785,manual_plus,1,,1,3,0,1
2026-03-24T08:59:43.971543,manual_plus,1,,1,4,0,1
2026-03-24T08:59:45.182695,manual_plus,2,,1,4,1,1
2026-03-24T08:59:45.620944,manual_plus,2,,1,4,2,1
2026-03-24T08:59:47.865546,round_end,,,0,4,2,2
2026-03-24T08:59:49.009888,round_end,,,0,4,2,3
2026-03-24T08:59:50.297352,round_end,,,0,4,2,4
2026-03-24T08:59:53.717253,start,,,0,4,2,4
2026-03-24T08:59:58.217331,round_end,,,0,4,2,5
2026-03-24T09:01:20.024972,reset,,,0,0,0,1
2026-03-24T09:01:23.251663,stop,,,0,0,0,1
2026-03-24T09:01:24.030796,start,,,0,0,0,1
2026-03-24T09:01:24.299442,stop,,,0,0,0,1
2026-03-24T09:01:24.573634,start,,,0,0,0,1
2026-03-24T09:38:01.639082,manual_plus,1,,1,1,0,1
2026-03-24T09:38:02.535977,manual_plus,1,,1,2,0,1
2026-03-24T09:38:03.050796,manual_plus,1,,1,3,0,1
2026-03-24T09:38:04.221645,manual_plus,2,,1,3,1,1
2026-03-24T09:38:05.255364,manual_plus,2,,1,3,2,1
2026-03-24T09:38:07.083512,round_end,,,0,3,2,2
2026-03-24T09:38:07.748800,round_end,,,0,3,2,3
2026-03-24T09:45:47.337258,start,,,0,0,0,1
2026-03-24T09:45:47.428767,score_hole,2,roze,3,0,0,1
2026-03-24T09:46:26.353183,score_board,2,roze,1,0,0,1
2026-03-24T09:47:33.209590,score_hole,2,groen,3,0,0,1
2026-03-24T09:47:40.909968,round_end,,,0,0,7,2
2026-03-24T09:49:48.803456,score_hole,2,groen,3,0,7,2
2026-03-24T09:52:58.048121,score_board,1,geel,1,0,7,2
2026-03-24T09:55:03.952146,round_end,,,0,0,9,3
2026-03-24T09:58:19.089948,score_board,1,geel,1,0,9,3
2026-03-24T10:45:09.745696,manual_plus,1,,1,1,0,1
2026-03-24T12:55:45.326775,manual_plus,1,,1,1,0,1
2026-03-24T12:55:46.733536,manual_plus,1,,1,2,0,1
2026-03-24T12:55:47.027540,manual_plus,1,,1,3,0,1
2026-03-24T12:55:47.325155,manual_plus,1,,1,4,0,1
2026-03-24T12:55:47.760074,manual_plus,1,,1,5,0,1
2026-03-24T12:55:48.052325,manual_plus,1,,1,6,0,1
2026-03-24T12:55:48.487355,manual_plus,1,,1,7,0,1
2026-03-24T12:55:48.781888,manual_plus,1,,1,8,0,1
2026-03-24T12:55:49.232305,manual_plus,1,,1,9,0,1
2026-03-24T12:55:49.542182,manual_plus,1,,1,10,0,1
2026-03-24T12:55:49.847018,manual_plus,1,,1,11,0,1
2026-03-24T12:55:50.154720,manual_plus,1,,1,12,0,1
2026-03-24T12:55:50.446472,manual_plus,1,,1,13,0,1
2026-03-24T12:55:50.904727,manual_plus,1,,1,14,0,1
2026-03-24T12:55:51.193386,manual_plus,1,,1,15,0,1
2026-03-24T12:55:53.615432,manual_plus,2,,1,15,1,1
2026-03-24T12:55:54.103941,manual_plus,2,,1,15,2,1
2026-03-24T12:55:55.648662,round_end,,,0,15,2,2
2026-03-24T12:55:57.041835,round_end,,,0,15,2,3
2026-03-24T12:55:58.489704,manual_minus,1,,-1,14,2,3
2026-03-24T12:55:58.797835,manual_minus,1,,-1,13,2,3
2026-03-24T12:55:59.483370,manual_plus,2,,1,13,3,3
2026-03-24T12:55:59.965560,manual_plus,2,,1,13,4,3
2026-03-24T12:56:00.580158,manual_plus,2,,1,13,5,3
2026-03-24T12:56:01.040932,manual_plus,2,,1,13,6,3
2026-03-24T12:56:01.489770,manual_plus,2,,1,13,7,3
2026-03-24T12:56:01.956418,manual_plus,2,,1,13,8,3
2026-03-24T12:56:02.262762,manual_plus,2,,1,13,9,3
2026-03-24T12:56:02.708999,manual_plus,2,,1,13,10,3
2026-03-24T12:56:03.006032,manual_plus,2,,1,13,11,3
2026-03-24T12:56:03.308572,manual_plus,2,,1,13,12,3
2026-03-24T12:56:03.769150,manual_plus,2,,1,13,13,3
2026-03-24T12:56:04.208334,manual_plus,2,,1,13,14,3
2026-03-24T12:56:04.502624,manual_plus,2,,1,13,15,3
2026-03-24T12:56:04.815655,manual_plus,2,,1,13,16,3
2026-03-24T12:56:05.115887,manual_plus,2,,1,13,17,3
2026-03-24T12:56:05.426803,manual_plus,2,,1,13,18,3
2026-03-24T12:56:05.727707,manual_plus,2,,1,13,19,3
2026-03-24T12:56:06.023605,manual_plus,2,,1,13,20,3
2026-03-24T12:56:08.515184,manual_plus,2,,1,13,21,3
2026-03-24T12:56:09.696209,manual_plus,2,,1,13,22,3
2026-03-24T13:03:10.158117,round_end,,,0,13,22,4
2026-03-24T13:04:22.665545,manual_plus,2,,1,0,1,1
2026-03-24T13:04:22.990041,manual_plus,2,,1,0,2,1
2026-03-24T13:04:23.302986,manual_plus,2,,1,0,3,1
2026-03-24T13:04:23.611059,manual_plus,2,,1,0,4,1
2026-03-24T13:04:23.915538,manual_plus,2,,1,0,5,1
2026-03-24T13:04:24.210079,manual_plus,2,,1,0,6,1
2026-03-24T13:04:24.504203,manual_plus,2,,1,0,7,1
2026-03-24T13:04:24.804861,manual_plus,2,,1,0,8,1
2026-03-24T13:04:25.256811,manual_plus,2,,1,0,9,1
2026-03-24T13:04:25.714853,manual_plus,2,,1,0,10,1
2026-03-24T13:04:26.022793,manual_plus,2,,1,0,11,1
2026-03-24T13:04:26.320946,manual_plus,2,,1,0,12,1
2026-03-24T13:04:26.627200,manual_plus,2,,1,0,13,1
2026-03-24T13:04:26.926223,manual_plus,2,,1,0,14,1
2026-03-24T13:04:27.229796,manual_plus,2,,1,0,15,1
2026-03-24T13:04:27.524474,manual_plus,2,,1,0,16,1
2026-03-24T13:04:29.356086,manual_plus,1,,1,1,16,1
2026-03-24T13:04:29.689738,manual_plus,1,,1,2,16,1
2026-03-24T13:04:30.013800,manual_plus,1,,1,3,16,1
2026-03-24T13:04:30.308162,manual_plus,1,,1,4,16,1
2026-03-24T13:04:30.599101,manual_plus,1,,1,5,16,1
2026-03-24T13:04:30.889335,manual_plus,1,,1,6,16,1
2026-03-24T13:04:31.331531,manual_plus,1,,1,7,16,1
2026-03-24T13:04:31.769017,manual_plus,1,,1,8,16,1
2026-03-24T13:04:33.015477,manual_plus,2,,1,8,17,1
2026-03-24T13:04:34.495412,round_end,,,0,8,17,2
2026-03-24T13:04:34.776437,round_end,,,0,8,17,3
2026-03-24T13:04:35.724032,manual_plus,1,,1,9,17,3
2026-03-24T13:04:36.097793,manual_plus,2,,1,9,18,3
2026-03-24T13:04:36.287969,round_end,,,0,9,18,4
2026-03-24T13:04:36.784057,manual_plus,1,,1,10,18,4
2026-03-24T13:04:37.110941,manual_plus,1,,1,11,18,4
2026-03-24T13:04:37.422137,manual_plus,1,,1,12,18,4
2026-03-24T13:04:37.719333,round_end,,,0,12,18,5
2026-03-24T13:04:38.046352,round_end,,,0,12,18,6
2026-03-24T13:04:38.202149,round_end,,,0,12,18,7
2026-03-24T13:04:38.489340,manual_plus,2,,1,12,19,7
2026-03-24T13:04:38.799549,manual_plus,2,,1,12,20,7
2026-03-24T13:04:39.283133,round_end,,,0,12,20,8
2026-03-24T13:04:39.593185,manual_plus,1,,1,13,20,8
2026-03-24T13:04:39.908125,round_end,,,0,13,20,9
2026-03-24T13:04:40.564105,manual_plus,2,,1,13,21,9
2026-03-24T13:04:41.037121,manual_plus,2,,1,13,22,9
2026-03-24T13:04:41.335844,manual_plus,2,,1,13,23,9
2026-03-24T13:04:42.357266,round_end,,,0,13,23,10
2026-03-24T13:04:45.123744,round_end,,,0,13,23,10
2026-03-24T13:11:28.975685,reset,,,0,0,0,1
2026-03-24T13:11:29.579366,reset,,,0,0,0,1
2026-03-24T13:11:29.839691,reset,,,0,0,0,1
2026-03-24T13:11:30.096156,reset,,,0,0,0,1
2026-03-24T13:15:58.297865,start,,,0,0,0,1
2026-03-24T13:16:17.954319,score_hole,1,roze,3,0,0,1
2026-03-24T13:18:22.616915,start,,,0,0,0,1
2026-03-24T13:20:36.449830,start,,,0,0,0,1
2026-03-24T13:20:36.534887,score_board,2,roze,1,0,0,1
2026-03-24T13:21:02.569604,score_hole,1,groen,3,0,0,1
2026-03-24T13:21:06.469691,score_hole,1,groen,3,0,0,1
2026-03-24T13:21:13.169519,score_board,2,roze,1,0,0,1
2026-03-24T13:21:30.234806,score_board,2,roze,1,0,0,1
2026-03-24T13:21:43.573260,score_hole,2,roze,3,0,0,1
2026-03-24T13:22:00.809874,round_end,,,0,0,0,2
2026-03-24T13:22:07.473974,manual_plus,1,,1,1,0,2
2026-03-24T13:22:07.820870,manual_plus,1,,1,2,0,2
2026-03-24T13:22:08.127145,manual_plus,1,,1,3,0,2
2026-03-24T13:22:08.423892,manual_plus,1,,1,4,0,2
2026-03-24T13:22:08.734233,manual_plus,1,,1,5,0,2
2026-03-24T13:22:09.194446,manual_plus,1,,1,6,0,2
2026-03-24T13:22:09.490468,manual_plus,1,,1,7,0,2
2026-03-24T13:22:10.962628,manual_plus,1,,1,8,0,2
2026-03-24T13:22:11.263708,manual_plus,1,,1,9,0,2
2026-03-24T13:22:11.550906,manual_plus,1,,1,10,0,2
2026-03-24T13:22:11.845979,manual_plus,1,,1,11,0,2
2026-03-24T13:22:13.431301,round_end,,,0,11,0,3
2026-03-24T13:22:15.350362,manual_plus,2,,1,11,1,3
2026-03-24T13:22:15.823206,manual_plus,2,,1,11,2,3
2026-03-24T13:22:16.136623,manual_plus,2,,1,11,3,3
2026-03-24T13:22:16.437243,manual_plus,2,,1,11,4,3
2026-03-24T13:22:16.897889,manual_plus,2,,1,11,5,3
2026-03-24T13:22:17.201168,manual_plus,2,,1,11,6,3
2026-03-24T13:22:18.941598,round_end,,,0,11,6,4
2026-03-24T13:22:20.536196,manual_plus,1,,1,12,6,4
2026-03-24T13:22:21.574846,manual_plus,1,,1,13,6,4
2026-03-24T13:22:22.293563,manual_plus,1,,1,14,6,4
2026-03-24T13:22:23.026264,manual_plus,1,,1,15,6,4
2026-03-24T13:22:24.366374,manual_plus,2,,1,15,7,4
2026-03-24T13:22:24.842815,manual_plus,2,,1,15,8,4
2026-03-24T13:22:25.293072,manual_plus,2,,1,15,9,4
2026-03-24T13:22:25.590396,manual_plus,2,,1,15,10,4
2026-03-24T13:22:25.902855,manual_plus,2,,1,15,11,4
2026-03-24T13:22:26.617812,manual_plus,2,,1,15,12,4
2026-03-24T13:22:26.944588,manual_plus,2,,1,15,13,4
2026-03-24T13:22:27.249871,manual_plus,2,,1,15,14,4
2026-03-24T13:22:27.540802,manual_plus,2,,1,15,15,4
2026-03-24T13:22:27.842035,manual_plus,2,,1,15,16,4
2026-03-24T13:22:29.250063,manual_plus,1,,1,16,16,4
2026-03-24T13:22:30.441280,round_end,,,0,16,16,5
2026-03-24T13:22:32.206129,manual_plus,1,,1,17,16,5
2026-03-24T13:22:32.836493,manual_plus,1,,1,18,16,5
2026-03-24T13:22:33.279405,manual_plus,1,,1,19,16,5
2026-03-24T13:22:33.729487,manual_plus,1,,1,20,16,5
2026-03-24T13:22:34.313162,manual_plus,1,,1,21,16,5
2026-03-24T13:22:36.467242,round_end,,,0,21,16,6
2026-03-24T13:23:58.382016,round_end,,,0,21,16,6
2026-03-24T13:24:54.560974,round_end,,,0,0,0,2
2026-03-24T13:25:34.912509,start,,,0,0,0,2
2026-03-24T13:25:34.991579,score_hole,2,groen,3,0,0,2
2026-03-24T13:25:40.745394,score_board,2,groen,1,0,0,2
2026-03-24T13:25:46.275076,score_hole,2,groen,3,0,0,2
2026-03-24T13:25:57.138529,score_hole,2,groen,3,0,0,2
2026-03-24T13:26:01.358001,score_board,2,groen,1,0,0,2
2026-03-24T13:26:05.372340,score_hole,2,groen,3,0,0,2
2026-03-24T13:26:05.535168,score_board,2,groen,1,0,0,2
2026-03-24T13:26:18.632708,manual_plus,1,,1,1,0,2
2026-03-24T13:26:19.095307,manual_plus,1,,1,2,0,2
2026-03-24T13:26:19.396509,manual_plus,1,,1,3,0,2
2026-03-24T13:26:19.710764,manual_plus,1,,1,4,0,2
2026-03-24T13:26:20.010531,manual_plus,1,,1,5,0,2
2026-03-24T13:26:20.315905,manual_plus,1,,1,6,0,2
2026-03-24T13:26:20.755519,manual_plus,1,,1,7,0,2
2026-03-24T13:26:21.055409,manual_plus,1,,1,8,0,2
2026-03-24T13:26:21.656921,manual_plus,1,,1,9,0,2
2026-03-24T13:26:21.951632,manual_plus,1,,1,10,0,2
2026-03-24T13:26:22.259246,manual_plus,1,,1,11,0,2
2026-03-24T13:26:22.554306,manual_plus,1,,1,12,0,2
2026-03-24T13:26:22.852772,manual_plus,1,,1,13,0,2
2026-03-24T13:26:23.151586,manual_plus,1,,1,14,0,2
2026-03-24T13:26:23.447232,manual_plus,1,,1,15,0,2
2026-03-24T13:26:23.740022,manual_plus,1,,1,16,0,2
2026-03-24T13:26:24.837362,manual_plus,2,,1,16,1,2
2026-03-24T13:26:25.164941,manual_plus,2,,1,16,2,2
2026-03-24T13:26:25.476741,manual_plus,2,,1,16,3,2
2026-03-24T13:26:25.783129,manual_plus,2,,1,16,4,2
2026-03-24T13:26:26.226641,manual_plus,2,,1,16,5,2
2026-03-24T13:26:26.530301,manual_plus,2,,1,16,6,2
2026-03-24T13:26:27.314915,manual_plus,1,,1,17,6,2
2026-03-24T13:26:27.673519,manual_plus,1,,1,18,6,2
2026-03-24T13:26:27.970232,manual_plus,1,,1,19,6,2
2026-03-24T13:26:28.247006,manual_plus,1,,1,20,6,2
2026-03-24T13:26:28.490145,manual_plus,1,,1,21,6,2
2026-03-24T13:26:30.546340,round_end,,,0,21,21,3
2026-03-24T13:26:34.502897,manual_plus,1,,1,22,21,3
2026-03-24T13:26:34.815101,manual_plus,1,,1,23,21,3
2026-03-24T13:26:36.316216,manual_plus,1,,1,24,21,3
2026-03-24T13:26:37.696684,round_end,,,0,24,21,4
2026-03-24T13:57:03.928184,start,,,0,0,0,1
2026-03-24T13:57:28.988651,score_board,2,groen,1,0,0,1
2026-03-24T13:57:42.334437,score_board,1,roze,1,0,0,1
2026-03-24T13:57:46.728377,score_hole,2,groen,3,0,0,1
2026-03-24T13:57:48.911807,score_hole,1,roze,3,0,0,1
2026-03-24T13:58:01.670971,score_hole,2,groen,3,0,0,1
2026-03-24T13:58:13.699354,round_end,,,0,0,3,2
2026-03-24T13:58:38.684120,score_board,2,groen,1,0,3,2
2026-03-24T13:58:45.520559,score_board,1,roze,1,0,3,2
2026-03-24T13:58:53.772467,round_end,,,0,0,3,3
2026-03-24T13:59:03.990323,score_board,2,groen,1,0,3,3
2026-03-24T13:59:17.588091,score_hole,1,roze,3,0,3,3
2026-03-24T13:59:26.432418,score_hole,2,groen,3,0,3,3
2026-03-24T13:59:35.251256,round_end,,,0,0,4,4
2026-03-24T13:59:45.757032,score_board,1,roze,1,0,4,4
2026-03-24T13:59:45.771451,score_board,2,groen,1,0,4,4
2026-03-24T13:59:52.009832,score_hole,1,roze,3,0,4,4
2026-03-24T14:00:18.804697,round_end,,,0,3,4,5
2026-03-24T14:00:26.208685,score_board,2,groen,1,3,4,5
2026-03-24T14:00:29.169066,score_hole,1,roze,3,3,4,5
2026-03-24T14:00:36.813802,score_board,2,groen,1,3,4,5
2026-03-24T14:00:47.771402,score_hole,1,roze,3,3,4,5
2026-03-24T14:00:54.466328,score_board,2,groen,1,3,4,5
2026-03-24T14:00:56.884192,score_board,1,roze,1,3,4,5
2026-03-24T14:01:04.840677,round_end,,,0,7,4,6
2026-03-24T14:01:19.883541,score_hole,2,groen,3,7,4,6
2026-03-24T14:01:22.624773,score_board,1,roze,1,7,4,6
2026-03-24T14:01:34.957213,score_board,1,roze,1,7,4,6
2026-03-24T14:01:38.938841,score_board,1,roze,1,7,4,6
2026-03-24T14:01:46.557890,round_end,,,0,7,4,7
2026-03-24T14:01:54.206502,score_board,2,groen,1,7,4,7
2026-03-24T14:01:57.919487,round_end,,,0,7,5,8
2026-03-24T14:02:01.916553,score_hole,1,roze,3,7,5,8
2026-03-24T14:02:04.044385,round_end,,,0,10,5,9
2026-03-24T14:02:07.398067,score_board,2,groen,1,10,5,9
2026-03-24T14:02:12.374378,round_end,,,0,10,6,10
2026-03-24T14:02:19.631079,round_end,,,0,10,6,11
2026-03-24T14:02:22.511394,score_board,2,groen,1,10,6,11
2026-03-24T14:02:34.674735,round_end,,,0,10,7,12
2026-03-24T14:02:36.659599,manual_plus,1,,1,11,7,12
2026-03-24T14:02:36.884341,manual_plus,1,,1,12,7,12
2026-03-24T14:02:37.163516,manual_plus,1,,1,13,7,12
2026-03-24T14:02:37.419919,manual_plus,1,,1,14,7,12
2026-03-24T14:02:37.774725,manual_plus,1,,1,15,7,12
2026-03-24T14:02:38.141436,manual_plus,1,,1,16,7,12
2026-03-24T14:02:38.407196,manual_plus,1,,1,17,7,12
2026-03-24T14:02:38.659112,manual_plus,1,,1,18,7,12
2026-03-24T14:02:41.876887,manual_plus,1,,1,19,7,12
2026-03-24T14:02:42.200280,manual_plus,1,,1,20,7,12
2026-03-24T14:02:42.472920,manual_plus,1,,1,21,7,12
2026-03-24T14:02:45.631836,manual_plus,2,,1,21,8,12
2026-03-24T14:02:46.071745,manual_plus,2,,1,21,9,12
2026-03-24T14:02:48.216048,round_end,,,0,21,9,13
2026-03-24T14:02:52.021274,round_end,,,0,21,9,13
2026-03-24T14:03:00.234775,manual_plus,1,,1,22,9,13
2026-03-24T14:03:03.472207,round_end,,,0,22,9,13
2026-03-25T08:05:56.056684,reset,,,0,0,0,1
2026-03-25T08:05:56.741471,reset,,,0,0,0,1
2026-03-25T08:05:57.023002,reset,,,0,0,0,1
2026-03-25T08:05:57.835007,reset,,,0,0,0,1
2026-03-25T08:10:23.046689,manual_plus,1,,1,1,0,1
2026-03-25T08:10:24.420964,manual_plus,1,,1,2,0,1
2026-03-25T08:10:25.503731,manual_plus,1,,1,3,0,1
2026-03-25T08:10:27.394193,manual_plus,2,,1,3,1,1
2026-03-25T08:10:30.240577,round_end,,,0,3,1,2
2026-03-25T08:10:43.521890,round_end,,,0,3,1,3
2026-03-25T08:10:44.160507,round_end,,,0,3,1,4
2026-03-25T08:10:44.428586,round_end,,,0,3,1,5
2026-03-25T08:10:44.729439,round_end,,,0,3,1,6
2026-03-25T08:19:28.044702,manual_plus,1,,1,1,0,1
2026-03-25T08:19:28.508950,manual_plus,1,,1,2,0,1
2026-03-25T08:19:28.812117,manual_plus,1,,1,3,0,1
2026-03-25T08:19:29.262052,manual_plus,1,,1,4,0,1
2026-03-25T08:19:29.567511,manual_plus,1,,1,5,0,1
2026-03-25T08:19:29.870991,manual_plus,1,,1,6,0,1
2026-03-25T08:19:30.167584,manual_plus,1,,1,7,0,1
2026-03-25T08:19:30.610570,manual_plus,1,,1,8,0,1
2026-03-25T08:19:30.917777,manual_plus,1,,1,9,0,1
2026-03-25T08:19:31.366309,manual_plus,1,,1,10,0,1
2026-03-25T08:19:31.664108,manual_plus,1,,1,11,0,1
2026-03-25T08:19:31.961771,manual_plus,1,,1,12,0,1
2026-03-25T08:19:32.400719,manual_plus,1,,1,13,0,1
2026-03-25T08:19:32.698646,manual_plus,1,,1,14,0,1
2026-03-25T08:19:33.140625,manual_plus,1,,1,15,0,1
2026-03-25T08:19:34.053398,manual_plus,2,,1,15,1,1
2026-03-25T08:19:34.372418,manual_plus,2,,1,15,2,1
2026-03-25T08:19:34.667168,manual_plus,2,,1,15,3,1
2026-03-25T08:19:34.965291,manual_plus,2,,1,15,4,1
2026-03-25T08:19:35.392339,manual_plus,2,,1,15,5,1
2026-03-25T08:19:37.716909,round_end,,,0,15,5,2
2026-03-25T08:19:38.754146,manual_plus,1,,1,16,5,2
2026-03-25T08:19:39.331433,manual_plus,1,,1,17,5,2
2026-03-25T08:19:39.744982,manual_plus,1,,1,18,5,2
2026-03-25T08:19:40.164879,manual_plus,1,,1,19,5,2
2026-03-25T08:19:40.959480,manual_plus,1,,1,20,5,2
2026-03-25T08:19:41.948228,manual_plus,1,,1,21,5,2
2026-03-25T08:19:44.033736,round_end,,,0,21,5,3
2026-03-25T08:19:47.647229,manual_plus,1,,1,22,5,3
2026-03-25T08:19:49.015852,round_end,,,0,22,5,3
2026-03-25T08:28:30.882828,manual_plus,1,,1,1,0,1
2026-03-25T08:28:31.914962,manual_plus,1,,1,2,0,1
2026-03-25T08:28:32.279208,manual_plus,1,,1,3,0,1
2026-03-25T08:28:33.854353,start,,,0,3,0,1
2026-03-25T08:28:35.088726,manual_plus,1,,1,4,0,1
2026-03-25T08:28:35.427848,manual_plus,1,,1,5,0,1
2026-03-25T08:28:36.373498,manual_plus,2,,1,5,1,1
2026-03-25T08:28:37.590910,manual_plus,2,,1,5,2,1
2026-03-25T08:28:39.624521,round_end,,,0,5,2,2
2026-03-25T08:28:40.590765,round_end,,,0,5,2,3
2026-03-25T08:28:41.009159,round_end,,,0,5,2,4
2026-03-25T08:28:41.157453,round_end,,,0,5,2,5
2026-03-25T08:28:42.452439,manual_plus,2,,1,5,3,5
2026-03-25T08:28:42.794651,manual_plus,2,,1,5,4,5
2026-03-25T08:28:43.112609,manual_plus,2,,1,5,5,5
2026-03-25T08:28:43.422146,manual_plus,2,,1,5,6,5
2026-03-25T08:28:43.728696,manual_plus,2,,1,5,7,5
2026-03-25T08:28:44.179980,manual_plus,2,,1,5,8,5
2026-03-25T08:28:44.481545,manual_plus,2,,1,5,9,5
2026-03-25T08:28:44.793768,manual_plus,2,,1,5,10,5
2026-03-25T08:28:45.091509,manual_plus,2,,1,5,11,5
2026-03-25T08:28:45.743380,manual_plus,1,,1,6,11,5
2026-03-25T08:28:46.056514,manual_plus,1,,1,7,11,5
2026-03-25T08:28:46.503564,manual_plus,1,,1,8,11,5
2026-03-25T08:28:46.799986,manual_plus,1,,1,9,11,5
2026-03-25T08:28:47.106479,manual_plus,1,,1,10,11,5
2026-03-25T08:28:47.701524,manual_plus,1,,1,11,11,5
2026-03-25T08:28:48.281966,manual_plus,1,,1,12,11,5
2026-03-25T08:28:48.855427,manual_plus,1,,1,13,11,5
2026-03-25T08:28:49.294246,manual_plus,1,,1,14,11,5
2026-03-25T08:28:49.603897,manual_plus,1,,1,15,11,5
2026-03-25T08:28:50.047184,manual_plus,1,,1,16,11,5
2026-03-25T08:28:50.343577,manual_plus,1,,1,17,11,5
2026-03-25T08:28:50.795628,manual_plus,1,,1,18,11,5
2026-03-25T08:28:51.446531,manual_plus,2,,1,18,12,5
2026-03-25T08:28:51.941875,manual_plus,2,,1,18,13,5
2026-03-25T08:28:52.799911,round_end,,,0,18,13,6
2026-03-25T08:28:53.978656,manual_plus,1,,1,19,13,6
2026-03-25T08:28:54.282854,manual_plus,1,,1,20,13,6
2026-03-25T08:28:54.581149,manual_plus,1,,1,21,13,6
2026-03-25T08:28:56.691102,round_end,,,0,21,13,7
2026-03-25T08:32:08.168837,start,,,0,0,0,1
2026-03-25T08:32:14.213283,manual_plus,1,,1,1,0,1
2026-03-25T08:32:14.522353,manual_plus,1,,1,2,0,1
2026-03-25T08:32:14.830552,manual_plus,1,,1,3,0,1
2026-03-25T08:32:15.259477,manual_plus,1,,1,4,0,1
2026-03-25T08:32:15.556433,manual_plus,1,,1,5,0,1
2026-03-25T08:32:15.848672,manual_plus,1,,1,6,0,1
2026-03-25T08:32:16.141113,manual_plus,1,,1,7,0,1
2026-03-25T08:32:16.575450,manual_plus,1,,1,8,0,1
2026-03-25T08:32:17.010241,manual_plus,1,,1,9,0,1
2026-03-25T08:32:17.452334,manual_plus,1,,1,10,0,1
2026-03-25T08:32:17.750434,manual_plus,1,,1,11,0,1
2026-03-25T08:32:18.053106,manual_plus,1,,1,12,0,1
2026-03-25T08:32:18.483960,manual_plus,1,,1,13,0,1
2026-03-25T08:32:18.775868,manual_plus,1,,1,14,0,1
2026-03-25T08:32:19.069732,manual_plus,1,,1,15,0,1
2026-03-25T08:32:19.363237,manual_plus,1,,1,16,0,1
2026-03-25T08:32:19.791977,manual_plus,1,,1,17,0,1
2026-03-25T08:32:20.483394,manual_plus,2,,1,17,1,1
2026-03-25T08:32:20.814488,manual_plus,2,,1,17,2,1
2026-03-25T08:32:21.420157,manual_plus,2,,1,17,3,1
2026-03-25T08:32:21.755019,manual_plus,2,,1,17,4,1
2026-03-25T08:32:22.064864,manual_plus,2,,1,17,5,1
2026-03-25T08:32:22.515602,manual_plus,2,,1,17,6,1
2026-03-25T08:32:22.824129,manual_plus,2,,1,17,7,1
2026-03-25T08:32:23.343383,manual_plus,1,,1,18,7,1
2026-03-25T08:32:23.795690,manual_plus,1,,1,19,7,1
2026-03-25T08:32:24.092015,manual_plus,1,,1,20,7,1
2026-03-25T08:32:24.419442,manual_plus,1,,1,21,7,1
2026-03-25T08:32:25.842147,round_end,,,0,21,7,2
2026-03-25T08:36:47.265240,manual_plus,1,,1,1,0,1
2026-03-25T08:36:47.737970,manual_plus,1,,1,2,0,1
2026-03-25T08:36:48.054909,manual_plus,1,,1,3,0,1
2026-03-25T08:36:48.513461,manual_plus,1,,1,4,0,1
2026-03-25T08:36:48.825818,manual_plus,1,,1,5,0,1
2026-03-25T08:36:49.128222,manual_plus,1,,1,6,0,1
2026-03-25T08:36:49.432398,manual_plus,1,,1,7,0,1
2026-03-25T08:36:49.736227,manual_plus,1,,1,8,0,1
2026-03-25T08:36:50.188243,manual_plus,1,,1,9,0,1
2026-03-25T08:36:50.490025,manual_plus,1,,1,10,0,1
2026-03-25T08:36:50.793266,manual_plus,1,,1,11,0,1
2026-03-25T08:36:51.107964,manual_plus,1,,1,12,0,1
2026-03-25T08:36:51.409591,manual_plus,1,,1,13,0,1
2026-03-25T08:36:51.717644,manual_plus,1,,1,14,0,1
2026-03-25T08:36:52.025884,manual_plus,1,,1,15,0,1
2026-03-25T08:36:52.345104,manual_plus,1,,1,16,0,1
2026-03-25T08:36:52.800436,manual_plus,1,,1,17,0,1
2026-03-25T08:36:53.251713,manual_plus,1,,1,18,0,1
2026-03-25T08:36:53.575175,manual_plus,1,,1,19,0,1
2026-03-25T08:36:53.884449,manual_plus,1,,1,20,0,1
2026-03-25T08:36:54.199127,manual_plus,1,,1,21,0,1
2026-03-25T08:36:54.530773,manual_plus,1,,1,22,0,1
2026-03-25T08:36:56.093476,manual_minus,1,,-1,21,0,1
2026-03-25T08:36:56.444979,manual_minus,1,,-1,20,0,1
2026-03-25T08:36:57.432385,manual_plus,2,,1,20,1,1
2026-03-25T08:36:57.785536,manual_plus,2,,1,20,2,1
2026-03-25T08:36:58.244382,manual_plus,2,,1,20,3,1
2026-03-25T08:36:58.565372,manual_plus,2,,1,20,4,1
2026-03-25T08:36:59.021197,manual_plus,2,,1,20,5,1
2026-03-25T08:36:59.336777,manual_plus,2,,1,20,6,1
2026-03-25T08:37:00.222788,round_end,,,0,20,6,2
2026-03-25T08:37:00.865380,manual_plus,1,,1,21,6,2
2026-03-25T08:37:01.365528,manual_plus,1,,1,22,6,2
2026-03-25T08:37:02.649326,round_end,,,0,22,6,3
2026-03-25T09:09:05.016263,manual_plus,1,,1,1,0,1
2026-03-25T09:09:05.334623,manual_plus,1,,1,2,0,1
2026-03-25T09:09:05.647493,manual_plus,1,,1,3,0,1
2026-03-25T09:09:06.212865,manual_plus,1,,1,4,0,1
2026-03-25T09:09:06.493567,manual_plus,1,,1,5,0,1
2026-03-25T09:09:06.793150,manual_plus,1,,1,6,0,1
2026-03-25T09:09:07.220015,manual_plus,1,,1,7,0,1
2026-03-25T09:09:07.519937,manual_plus,1,,1,8,0,1
2026-03-25T09:09:07.948454,manual_plus,1,,1,9,0,1
2026-03-25T09:09:08.374797,manual_plus,1,,1,10,0,1
2026-03-25T09:09:09.003698,manual_plus,2,,1,10,1,1
2026-03-25T09:09:09.302633,manual_plus,2,,1,10,2,1
2026-03-25T09:09:09.738014,manual_plus,2,,1,10,3,1
2026-03-25T09:09:10.035954,manual_plus,2,,1,10,4,1
2026-03-25T09:09:10.484037,manual_plus,2,,1,10,5,1
2026-03-25T09:09:11.203343,round_end,,,0,10,5,2
2026-03-25T09:09:11.999079,round_end,,,0,10,5,3
2026-03-25T09:09:13.854852,manual_plus,1,,1,11,5,3
2026-03-25T09:09:14.150144,manual_plus,1,,1,12,5,3
2026-03-25T09:09:14.448433,manual_plus,1,,1,13,5,3
2026-03-25T09:09:14.737632,manual_plus,1,,1,14,5,3
2026-03-25T09:09:15.059513,manual_plus,1,,1,15,5,3
2026-03-25T09:09:15.352812,manual_plus,1,,1,16,5,3
2026-03-25T09:09:15.769224,manual_plus,1,,1,17,5,3
2026-03-25T09:09:16.199180,manual_plus,1,,1,18,5,3
2026-03-25T09:09:16.746613,manual_plus,1,,1,19,5,3
2026-03-25T09:09:17.182184,manual_plus,1,,1,20,5,3
2026-03-25T09:09:17.610102,manual_plus,1,,1,21,5,3
2026-03-25T09:09:18.965294,round_end,,,0,21,5,4
2026-03-25T09:59:43.202910,start,,,0,0,0,1
2026-03-25T09:59:43.287524,score_board,2,roze,1,0,0,1
2026-03-25T09:59:57.021990,score_board,2,roze,1,0,0,1
2026-03-25T10:00:03.319821,score_hole,1,groen,3,0,0,1
2026-03-25T10:00:24.537288,round_end,,,0,1,0,2
2026-03-25T10:58:34.681431,start,,,0,0,0,1
2026-03-26T07:54:29.936005,start,,,0,0,0,1
2026-03-26T07:54:48.783511,score_board,1,groen,1,0,0,1
2026-03-26T07:54:54.810455,score_hole,2,roze,3,0,0,1
2026-03-26T08:03:48.686881,start,,,0,0,0,1
2026-03-26T08:36:52.074517,start,,,0,0,0,1
2026-03-26T08:37:03.694967,score_board,1,groen,1,0,0,1
2026-03-26T08:37:09.334823,score_hole,2,roze,3,0,0,1
2026-03-26T08:37:09.487687,score_board,1,groen,1,0,0,1
2026-03-26T08:37:20.009691,score_hole,2,roze,3,0,0,1
2026-03-26T08:37:23.023927,score_board,1,groen,1,0,0,1
2026-03-26T08:37:30.302281,score_hole,2,roze,3,0,0,1
2026-03-26T08:37:34.787601,score_board,2,roze,1,0,0,1
2026-03-26T08:37:40.253781,score_board,2,roze,1,0,0,1
2026-03-26T08:37:49.081596,score_board,1,groen,1,0,0,1
2026-03-26T08:38:05.432434,round_end,,,0,0,7,2
2026-03-26T08:38:26.343127,score_hole,1,groen,3,0,7,2
2026-03-26T08:38:30.375890,score_board,2,roze,1,0,7,2
2026-03-26T08:39:44.147646,score_hole,1,groen,3,0,7,2
2026-03-26T08:39:45.913071,round_end,,,0,5,7,3
2026-03-26T08:39:48.421901,round_end,,,0,5,7,4
2026-03-26T08:39:56.381664,score_hole,1,groen,3,5,7,4
2026-03-26T08:40:15.125834,score_board,1,groen,1,5,7,4
2026-03-26T08:40:20.075677,score_board,2,roze,1,5,7,4
2026-03-26T08:40:23.821249,score_hole,1,groen,3,5,7,4
2026-03-26T08:40:26.100170,score_board,1,groen,1,5,7,4
2026-03-26T08:40:32.059350,score_board,1,groen,1,5,7,4
2026-03-26T08:40:37.308102,round_end,,,0,13,7,5
2026-03-26T08:40:43.607497,manual_plus,1,,1,14,7,5
2026-03-26T08:40:43.942419,manual_plus,1,,1,15,7,5
2026-03-26T08:40:44.740704,manual_plus,2,,1,15,8,5
2026-03-26T08:40:45.786357,round_end,,,0,15,8,6
2026-03-26T08:40:46.672788,manual_plus,1,,1,16,8,6
2026-03-26T08:40:47.126391,manual_plus,1,,1,17,8,6
2026-03-26T08:40:47.417875,manual_plus,1,,1,18,8,6
2026-03-26T08:40:47.693395,manual_plus,1,,1,19,8,6
2026-03-26T08:40:48.915483,manual_plus,2,,1,19,9,6
2026-03-26T08:40:49.981112,round_end,,,0,19,9,7
2026-03-26T08:40:51.362733,manual_plus,1,,1,20,9,7
2026-03-26T08:40:51.825663,manual_plus,1,,1,21,9,7
2026-03-26T08:40:53.232979,round_end,,,0,21,9,8
2026-03-26T08:40:55.609652,manual_plus,1,,1,22,9,8
2026-03-26T09:12:17.029011,start,,,0,0,0,1
2026-03-26T09:13:51.966114,start,,,0,0,0,1
2026-03-26T09:14:07.761011,score_hole,2,roze,3,0,0,1
2026-03-26T09:14:12.612812,score_board,1,groen,1,0,0,1
2026-03-26T09:14:15.446994,score_board,1,groen,1,0,0,1
2026-03-26T09:14:29.064054,round_end,,,0,0,1,2
2026-03-26T09:14:42.792794,score_hole,2,roze,3,0,1,2
2026-03-26T09:14:43.202272,score_board,1,groen,1,0,1,2
2026-03-26T09:14:48.300429,score_hole,1,groen,3,0,1,2
2026-03-26T09:14:52.094934,round_end,,,0,1,1,3
2026-03-26T09:26:32.815485,score_hole,2,roze,3,1,1,3
2026-03-26T09:26:33.220865,score_board,1,groen,1,1,1,3
2026-03-26T09:26:36.382918,score_board,1,groen,1,1,1,3
2026-03-26T09:26:40.464732,round_end,,,0,1,2,4
2026-03-26T09:27:07.218161,score_hole,1,groen,3,1,2,4
2026-03-26T09:27:10.631661,round_end,,,0,4,2,5
2026-03-26T09:27:55.950098,round_end,,,0,4,2,6
2026-03-26T09:28:07.330358,score_hole,1,groen,3,4,2,6
2026-03-26T09:28:09.201123,score_board,2,roze,1,4,2,6
2026-03-26T09:28:11.592362,score_board,1,groen,1,4,2,6
2026-03-26T09:28:13.491797,score_board,1,groen,1,4,2,6
2026-03-26T09:28:18.258171,round_end,,,0,8,2,7
2026-03-26T09:28:30.810057,score_hole,1,groen,3,8,2,7
2026-03-26T09:28:36.665038,score_hole,1,groen,3,8,2,7
2026-03-26T09:28:37.174295,round_end,,,0,14,2,8
2026-03-26T09:28:47.355123,score_board,1,groen,1,14,2,8
2026-03-26T09:28:53.120398,round_end,,,0,15,2,9
2026-03-26T09:28:58.513581,score_board,2,roze,1,15,2,9
2026-03-26T09:29:00.500615,score_board,1,groen,1,15,2,9
2026-03-26T09:29:04.785442,round_end,,,0,15,2,10
2026-03-26T09:29:12.388380,manual_plus,2,,1,15,3,10
2026-03-26T09:29:12.989949,manual_plus,2,,1,15,4,10
2026-03-26T09:29:15.461311,manual_plus,1,,1,16,4,10
2026-03-26T09:29:15.809901,manual_plus,1,,1,17,4,10
2026-03-26T09:29:16.229612,manual_plus,1,,1,18,4,10
2026-03-26T09:29:17.347794,manual_plus,1,,1,19,4,10
2026-03-26T09:29:18.186342,manual_plus,1,,1,20,4,10
2026-03-26T09:29:18.773577,manual_plus,1,,1,21,4,10
2026-03-26T09:29:20.691264,round_end,,,0,21,4,11
2026-03-26T10:02:16.962395,round_end,,,0,0,0,2
2026-03-26T10:02:30.673109,start,,,0,0,0,2
2026-03-26T10:02:38.284069,score_board,2,roze,1,0,0,2
2026-03-26T10:02:44.741921,score_hole,1,groen,3,0,0,2
2026-03-26T10:02:51.081740,round_end,,,0,2,0,3
2026-03-26T10:03:07.394838,score_hole,1,groen,3,2,0,3
2026-03-26T10:03:17.692960,score_board,1,groen,1,2,0,3
2026-03-26T10:03:23.854243,score_hole,2,roze,3,2,0,3
2026-03-26T10:03:28.969439,round_end,,,0,3,0,4
2026-03-26T10:03:38.948370,score_board,1,groen,1,3,0,4
2026-03-26T10:03:40.775436,score_board,1,groen,1,3,0,4
2026-03-26T10:03:42.823306,round_end,,,0,5,0,5
2026-03-26T10:03:53.036419,score_board,2,roze,1,5,0,5
2026-03-26T10:03:56.970837,round_end,,,0,5,1,6
2026-03-26T10:04:04.307387,score_board,1,groen,1,5,1,6
2026-03-26T10:04:07.321836,round_end,,,0,6,1,7
2026-03-26T10:04:14.956864,score_board,1,groen,1,6,1,7
2026-03-26T10:04:17.795400,score_board,2,roze,1,6,1,7
2026-03-26T10:04:25.191856,round_end,,,0,6,1,8
2026-03-26T10:04:39.651142,manual_plus,2,,1,6,2,8
2026-03-26T10:04:40.101358,manual_plus,2,,1,6,3,8
2026-03-26T10:04:40.396428,manual_plus,2,,1,6,4,8
2026-03-26T10:04:40.838919,manual_plus,2,,1,6,5,8
2026-03-26T10:04:41.134516,manual_plus,2,,1,6,6,8
2026-03-26T10:04:42.090264,manual_plus,1,,1,7,6,8
2026-03-26T10:04:42.426092,manual_plus,1,,1,8,6,8
2026-03-26T10:04:42.730372,manual_plus,1,,1,9,6,8
2026-03-26T10:04:43.169781,manual_plus,1,,1,10,6,8
2026-03-26T10:04:44.291512,round_end,,,0,10,6,9
2026-03-26T10:04:46.016008,manual_plus,2,,1,10,7,9
2026-03-26T10:04:46.334031,manual_plus,2,,1,10,8,9
2026-03-26T10:04:46.656641,manual_plus,2,,1,10,9,9
2026-03-26T10:04:46.944607,manual_plus,2,,1,10,10,9
2026-03-26T10:04:47.641299,manual_plus,2,,1,10,11,9
2026-03-26T10:04:48.578908,manual_plus,1,,1,11,11,9
2026-03-26T10:04:49.039847,manual_plus,1,,1,12,11,9
2026-03-26T10:04:49.480288,manual_plus,1,,1,13,11,9
2026-03-26T10:04:49.784374,manual_plus,1,,1,14,11,9
2026-03-26T10:04:50.089907,manual_plus,1,,1,15,11,9
2026-03-26T10:04:50.763811,round_end,,,0,15,11,10
2026-03-26T10:04:51.770682,round_end,,,0,15,11,11
2026-03-26T10:04:53.688401,manual_plus,2,,1,15,12,11
2026-03-26T10:04:53.997770,manual_plus,2,,1,15,13,11
2026-03-26T10:04:54.313058,manual_plus,2,,1,15,14,11
2026-03-26T10:04:54.475878,round_end,,,0,15,14,12
2026-03-26T10:04:55.098972,manual_plus,1,,1,16,14,12
2026-03-26T10:04:55.561373,manual_plus,1,,1,17,14,12
2026-03-26T10:04:55.861467,manual_plus,1,,1,18,14,12
2026-03-26T10:04:56.167015,manual_plus,1,,1,19,14,12
2026-03-26T10:04:56.466712,manual_plus,1,,1,20,14,12
2026-03-26T10:04:56.771735,manual_plus,1,,1,21,14,12
2026-03-26T10:04:57.073057,round_end,,,0,21,14,13
2026-03-26T10:20:33.153647,reset,,,0,0,0,1
2026-03-26T10:20:34.155615,reset,,,0,0,0,1
2026-03-26T10:22:11.199781,start,,,0,0,0,1
2026-03-26T10:22:33.324417,score_hole,2,roze,3,0,0,1
2026-03-26T10:22:36.851933,score_board,1,groen,1,0,0,1
2026-03-26T10:22:39.118524,score_board,1,groen,1,0,0,1
2026-03-26T10:22:42.990732,round_end,,,0,0,1,2
2026-03-26T10:22:55.901006,score_board,2,roze,1,0,1,2
2026-03-26T10:23:01.967869,score_board,1,groen,1,0,1,2
2026-03-26T10:23:04.897828,round_end,,,0,0,1,3
2026-03-26T10:23:13.376653,score_board,1,groen,1,0,1,3
2026-03-26T10:23:15.773380,score_board,2,roze,1,0,1,3
2026-03-26T10:23:18.290487,score_board,1,groen,1,0,1,3
2026-03-26T10:23:20.510194,round_end,,,0,1,1,4
2026-03-26T10:23:40.256620,score_board,1,groen,1,1,1,4
2026-03-26T10:23:44.998636,score_board,2,roze,1,1,1,4
2026-03-26T10:23:49.092943,round_end,,,0,1,1,5
2026-03-26T10:23:58.411346,score_board,1,groen,1,1,1,5
2026-03-26T10:24:00.209081,score_board,1,groen,1,1,1,5
2026-03-26T10:24:03.367895,round_end,,,0,3,1,6
2026-03-26T10:24:12.034833,score_board,2,roze,1,3,1,6
2026-03-26T10:24:14.078792,score_board,2,roze,1,3,1,6
2026-03-26T10:24:14.649948,score_board,1,groen,1,3,1,6
2026-03-26T10:24:16.219482,score_board,1,groen,1,3,1,6
2026-03-26T10:24:18.948632,round_end,,,0,3,1,7
2026-03-26T10:24:27.868467,manual_plus,1,,1,4,1,7
2026-03-26T10:24:28.202870,manual_plus,1,,1,5,1,7
2026-03-26T10:24:28.511078,manual_plus,1,,1,6,1,7
2026-03-26T10:24:28.809600,manual_plus,1,,1,7,1,7
2026-03-26T10:24:29.363951,manual_plus,1,,1,8,1,7
2026-03-26T10:24:29.653934,manual_plus,1,,1,9,1,7
2026-03-26T10:24:29.948031,manual_plus,1,,1,10,1,7
2026-03-26T10:24:30.380288,manual_plus,1,,1,11,1,7
2026-03-26T10:24:30.665683,manual_plus,1,,1,12,1,7
2026-03-26T10:24:30.958010,manual_plus,1,,1,13,1,7
2026-03-26T10:24:31.249667,manual_plus,1,,1,14,1,7
2026-03-26T10:24:31.915217,manual_plus,2,,1,14,2,7
2026-03-26T10:24:32.232894,manual_plus,2,,1,14,3,7
2026-03-26T10:24:33.293865,round_end,,,0,14,3,8
2026-03-26T10:24:34.685565,manual_plus,1,,1,15,3,8
2026-03-26T10:24:35.021842,manual_plus,1,,1,16,3,8
2026-03-26T10:24:35.325435,manual_plus,1,,1,17,3,8
2026-03-26T10:24:35.611688,manual_plus,1,,1,18,3,8
2026-03-26T10:24:37.050940,manual_plus,2,,1,18,4,8
2026-03-26T10:24:37.497929,manual_plus,2,,1,18,5,8
2026-03-26T10:24:37.798858,manual_plus,2,,1,18,6,8
2026-03-26T10:24:38.749515,round_end,,,0,18,6,9
2026-03-26T10:24:40.009884,manual_plus,1,,1,19,6,9
2026-03-26T10:24:40.609968,manual_plus,1,,1,20,6,9
2026-03-26T10:24:41.195699,manual_plus,1,,1,21,6,9
2026-03-26T10:24:42.037945,round_end,,,0,21,6,10
2026-03-26T10:41:44.158249,score_board,1,groen,1,21,6,10
2026-03-26T10:41:44.193223,score_board,1,groen,1,21,6,10
2026-03-26T10:41:44.223760,score_board,2,roze,1,21,6,10
2026-03-26T10:54:24.340254,score_board,1,groen,1,21,6,10
2026-03-26T10:54:35.162778,score_board,1,groen,1,21,6,10
2026-03-26T10:54:36.816579,score_board,1,groen,1,21,6,10
2026-03-26T10:54:56.846572,score_board,1,groen,1,21,6,10
2026-03-26T11:54:42.852300,score_board,1,groen,1,21,6,10
2026-03-26T12:11:14.097087,score_board,2,roze,1,21,6,10
2026-03-26T12:12:25.066706,score_board,2,roze,1,21,6,10
2026-03-26T12:12:27.555818,score_board,2,roze,1,21,6,10
2026-03-26T12:12:29.789705,score_board,2,roze,1,21,6,10
2026-03-26T12:12:37.641366,score_board,2,roze,1,21,6,10
2026-03-26T12:12:41.837334,score_board,2,roze,1,21,6,10
2026-03-26T12:12:52.357112,score_board,2,roze,1,21,6,10
2026-03-26T12:13:20.910204,score_board,2,roze,1,21,6,10
2026-03-26T12:13:56.116066,score_board,2,roze,1,21,6,10
2026-03-26T12:17:22.593649,start,,,0,0,0,1
2026-03-26T12:17:48.765968,score_board,2,roze,1,0,0,1
2026-03-26T12:17:55.622607,score_board,2,roze,1,0,0,1
2026-03-26T12:18:02.974286,score_board,1,groen,1,0,0,1
2026-03-26T12:18:07.196314,round_end,,,0,0,1,2
2026-03-26T12:18:33.725950,score_board,2,roze,1,0,1,2
2026-03-26T12:18:43.021099,score_hole,1,groen,3,0,1,2
2026-03-26T12:18:43.265380,round_end,,,0,2,1,3
2026-03-26T12:18:50.211729,round_end,,,0,2,1,4
2026-03-26T12:19:01.372758,manual_plus,1,,1,3,1,4
2026-03-26T12:19:01.679182,manual_plus,1,,1,4,1,4
2026-03-26T12:19:02.003699,manual_plus,1,,1,5,1,4
2026-03-26T12:19:02.446055,manual_plus,1,,1,6,1,4
2026-03-26T12:19:02.734435,manual_plus,1,,1,7,1,4
2026-03-26T12:19:03.150702,manual_plus,1,,1,8,1,4
2026-03-26T12:19:03.440786,manual_plus,1,,1,9,1,4
2026-03-26T12:19:03.862425,manual_plus,1,,1,10,1,4
2026-03-26T12:19:04.158596,manual_plus,1,,1,11,1,4
2026-03-26T12:19:04.571591,manual_plus,1,,1,12,1,4
2026-03-26T12:19:04.866455,manual_plus,1,,1,13,1,4
2026-03-26T12:19:05.154053,manual_plus,1,,1,14,1,4
2026-03-26T12:19:05.454142,manual_plus,1,,1,15,1,4
2026-03-26T12:19:05.869036,manual_plus,1,,1,16,1,4
2026-03-26T12:19:06.152611,manual_plus,1,,1,17,1,4
2026-03-26T12:19:06.590256,manual_plus,1,,1,18,1,4
2026-03-26T12:19:06.877743,manual_plus,1,,1,19,1,4
2026-03-26T12:19:07.447484,manual_plus,1,,1,20,1,4
2026-03-26T12:19:08.112512,manual_plus,1,,1,21,1,4
2026-03-26T12:19:10.338096,round_end,,,0,21,1,5
